spine,title,director1,director2,director3,director4,director5,country,year
1,"Grand Illusion",Jean Renoir,,,,,France,1937
2,"Seven Samurai",Akira Kurosawa,,,,,Japan,1954
3,"The Lady Vanishes",Alfred Hitchcock,,,,,United Kingdom,1938
4,"Amarcord",Federico Fellini,,,,,Italy,1973
5,"The 400 Blows",François Truffaut,,,,,France,1959
6,"Beauty and the Beast",Jean Cocteau,,,,,France,1946
7,"A Night to Remember",Roy Ward Baker,,,,,United Kingdom,1958
8,"The Killer",John Woo,,,,,Hong Kong,1989
9,"Hard Boiled",John Woo,,,,,Hong Kong,1992
10,"Walkabout",Nicolas Roeg,,,,,United Kingdom,1971
11,"The Seventh Seal",Ingmar Bergman,,,,,Sweden,1957
12,"This Is Spinal Tap",Rob Reiner,,,,,United States,1984
13,"The Silence of the Lambs",Jonathan Demme,,,,,United States,1991
14,"Samurai I: Musashi Miyamoto",Hiroshi Inagaki,,,,,Japan,1954
15,"Samurai II: Duel at Ichijoji Temple",Hiroshi Inagaki,,,,,Japan,1955
16,"Samurai III: Duel at Ganryu Island",Hiroshi Inagaki,,,,,Japan,1956
17,"Salò, or The 120 Days of Sodom",Pier Paolo Pasolini,,,,,Italy,1976
18,"The Naked Kiss",Samuel Fuller,,,,,United States,1964
19,"Shock Corridor",Samuel Fuller,,,,,United States,1963
20,"Sid & Nancy",Alex Cox,,,,,United Kingdom,1986
21,"Dead Ringers",David Cronenberg,,,,,United States,1988
22,"Summertime",David Lean,,,,,United States,1955
23,"RoboCop",Paul Verhoeven,,,,,United States,1987
24,"High and Low",Akira Kurosawa,,,,,Japan,1963
25,"Alphaville",Jean-Luc Godard,,,,,France,1965
26,"The Long Good Friday",John Mackenzie,,,,,United Kingdom,1980
27,"Flesh for Frankenstein",Paul Morrissey,,,,,United States,1973
28,"Blood for Dracula",Paul Morrissey,,,,,United States,1974
29,"Picnic at Hanging Rock",Peter Weir,,,,,Australia,1975
30,"M",Fritz Lang,,,,,Germany,1931
31,"Great Expectations",David Lean,,,,,United Kingdom,1946
32,"Oliver Twist",David Lean,,,,,United Kingdom,1948
33,"Nanook of the North",Robert Flaherty,,,,,United States,1922
34,"Andrei Rublev",Andrei Tarkovsky,,,,,Soviet Union,1966
35,"Diabolique",Henri-Georges Clouzot,,,,,France,1955
36,"The Wages of Fear",Henri-Georges Clouzot,,,,,France,1953
37,"Time Bandits",Terry Gilliam,,,,,United Kingdom,1981
38,"Branded to Kill",Seijun Suzuki,,,,,Japan,1967
39,"Tokyo Drifter",Seijun Suzuki,,,,,Japan,1966
40,"Armageddon",Michael Bay,,,,,United States,1998
41,"Henry V",Laurence Olivier,,,,,United Kingdom,1944
42,"Fishing with John",John Lurie,,,,,United States,1992
43,"Lord of the Flies",Peter Brook,,,,,United Kingdom,1963
44,"The Red Shoes",Michael Powell,Emeric Pressburger,,,,United Kingdom,1948
45,"Taste of Cherry",Abbas Kiarostami,,,,,Iran,1997
46,"The Most Dangerous Game",Ernest B. Schoedsack,Irving Pichel,,,,United States,1932
47,"Insomnia",Erik Skjoldbjærg,,,,,Norway,1997
48,"Black Orpheus",Marcel Camus,,,,,France,1959
49,"Nights of Cabiria",Federico Fellini,,,,,Italy,1957
50,"And the Ship Sails On",Federico Fellini,,,,,Italy,1983
51,"Brazil",Terry Gilliam,,,,,United Kingdom,1985
52,"Yojimbo",Akira Kurosawa,,,,,Japan,1961
53,"Sanjuro",Akira Kurosawa,,,,,Japan,1962
54,"For All Mankind",Al Reinert,,,,,United States,1989
55,"The Unbearable Lightness of Being",Philip Kaufman,,,,,United States,1988
56,"The 39 Steps",Alfred Hitchcock,,,,,United Kingdom,1935
57,"Charade",Stanley Donen,,,,,United States,1963
58,"Peeping Tom",Michael Powell,,,,,United Kingdom,1960
59,"The Night Porter",Liliana Cavani,,,,,Italy,1974
60,"Autumn Sonata",Ingmar Bergman,,,,,Sweden,1978
61,"Monty Python's Life of Brian",Terry Jones,,,,,United Kingdom,1979
62,"The Passion of Joan of Arc",Carl Th. Dreyer,,,,,France,1928
63,"Carnival of Souls",Herk Harvey,,,,,United States,1962
64,"The Third Man",Carol Reed,,,,,United Kingdom,1949
65,"Rushmore",Wes Anderson,,,,,United States,1998
66,"The Orphic Trilogy",,,,,,, 		 
67,"The Blood of a Poet",Jean Cocteau,,,,,France,1930
68,"Orpheus",Jean Cocteau,,,,,France,1950
69,"Testament of Orpheus",Jean Cocteau,,,,,France,1959
70,"The Last Temptation of Christ",Martin Scorsese,,,,,United States,1988
71,"The Magic Flute",Ingmar Bergman,,,,,Sweden,1975
72,"Le million",René Clair,,,,,France,1931
73,"Cléo from 5 to 7",Agnès Varda,,,,,France,1962
74,"Vagabond",Agnès Varda,,,,,France,1985
75,"Chasing Amy",Kevin Smith,,,,,United States,1997
76,"Brief Encounter",David Lean,,,,,United Kingdom,1945
77,"And God Created Woman",Roger Vadim,,,,,France,1956
78,"The Bank Dick",Edward Cline,,,,,United States,1940
79,"W. C. Fields—Six Short Films",Monte Brice,Clyde Bruckman,Edwin Middleton,Leslie Pearce,Arthur Ripley,United States,1933
80,"The Element of Crime",Lars von Trier,,,,,Denmark,1984
81,"Variety Lights",Federico Fellini,Alberto Lattuada,,,,Italy,1950
82,"Hamlet",Laurence Olivier,,,,,United Kingdom,1948
83,"The Harder They Come",Perry Henzell,,,,,United States,1972
84,"Good Morning",Yasujiro Ozu,,,,,Japan,1959
85,"Pygmalion",Anthony Asquith,Leslie Howard,,,,United Kingdom,1938
86,"Eisenstein: The Sound Years",,,,,,,
87,"Alexander Nevsky",Sergei Eisenstein,,,,,Soviet Union,1938
88,"Ivan the Terrible, Part I",Sergei Eisenstein,,,,,Soviet Union,1944
88,"Ivan the Terrible, Part II",Sergei Eisenstein,,,,,Soviet Union,1958
89,"Sisters",Brian De Palma,,,,,United States,1973
90,"Kwaidan",Masaki Kobayashi,,,,,Japan,1965
91,"The Blob",Irvin S. Yeaworth Jr.,,,,,United States,1958
92,"Fiend Without a Face",Arthur Crabtree,,,,,United Kingdom,1958
93,"Black Narcissus",Michael Powell,Emeric Pressburger,,,,United Kingdom,1947
94,"I Know Where I'm Going!",Michael Powell,Emeric Pressburger,,,,United Kingdom,1945
95,"All That Heaven Allows",Douglas Sirk,,,,,United States,1955
96,"Written on the Wind",Douglas Sirk,,,,,United States,1956
97,"Do the Right Thing",Spike Lee,,,,,United States,1989
98,"L'avventura",Michelangelo Antonioni,,,,,Italy,1960
99,"Gimme Shelter",David Maysles,Albert Maysles,Charlotte Zwerin,,,United States,1970
100,"Beastie Boys Video Anthology",,,,,,United States,2000
101,"Cries and Whispers",Ingmar Bergman,,,,,Sweden,1972
102,"The Discreet Charm of the Bourgeoisie",Luis Buñuel,,,,,France,1972
103,"The Lady Eve",Preston Sturges,,,,,United States,1941
104,"Double Suicide",Masahiro Shinoda,,,,,Japan,1969
105,"Spartacus",Stanley Kubrick,,,,,United States,1960
106,"Coup de torchon",Bertrand Tavernier,,,,,France,1981
107,"Mona Lisa",Neil Jordan,,,,,United Kingdom,1986
108,"The Rock",Michael Bay,,,,,United States,1996
109,"The Scarlet Empress",Josef von Sternberg,,,,,United States,1934
110,"Monsieur Hulot's Holiday",Jacques Tati,,,,,France,1953
111,"Mon oncle",Jacques Tati,,,,,France,1958
112,"PlayTime",Jacques Tati,,,,,Italy,1967
113,"Big Deal on Madonna Street",Mario Monicelli,,,,,Italy,1958
114,"My Man Godfrey",Gregory La Cava,,,,,United States,1936
115,"Rififi",Jules Dassin,,,,,France,1955
116,"The Hidden Fortress",Akira Kurosawa,,,,,Japan,1958
117,"Diary of a Chambermaid",Luis Buñuel,,,,,France,1964
118,"Sullivan's Travels",Preston Sturges,,,,,United States,1941
119,"Withnail and I",Bruce Robinson,,,,,United Kingdom,1986
120,"How to Get Ahead in Advertising",Bruce Robinson,,,,,United Kingdom,1988
121,"Billy Liar",John Schlesinger,,,,,United Kingdom,1963
122,"Salesman",David Maysles,Albert Maysles,Charlotte Zwerin,,,United States,1969
123,"Grey Gardens",David Maysles,Albert Maysles,Ellen Hovde,Muffie Meyer,,United States,1976
124,"Carl Theodor Dreyer",,,,,,,
125,"Day of Wrath",Carl Th. Dreyer,,,,,Denmark,1943
126,"Ordet",Carl Th. Dreyer,,,,,Denmark,1955
127,"Gertrud",Carl Th. Dreyer,,,,,Denmark,1964
128,"Carl Th. Dreyer—My Metier",Torben Skjødt Jensen,,,,,Denmark,1995
129,"Le trou",Jacques Becker,,,,,France,1960
130,"The Shop on Main Street",Ján Kadár and Elmar Klos,,,,,Czechoslovakia,1965
131,"Closely Watched Trains",Jiří Menzel,,,,,Czechoslovakia,1966
132,"The Ruling Class",Peter Medak,,,,,United Kingdom,1972
133,"The Vanishing",George Sluizer,,,,,France,1988
134,"Häxan",Benjamin Christensen,,,,,Denmark,1922
135,"Rebecca",Alfred Hitchcock,,,,,United States,1940
136,"Spellbound",Alfred Hitchcock,,,,,United States,1945
137,"Notorious",Alfred Hitchcock,,,,,United States,1946
138,"Rashomon",Akira Kurosawa,,,,,Japan,1950
139,"Wild Strawberries",Ingmar Bergman,,,,,Sweden,1957
140,"8½",Federico Fellini,,,,,Italy,1963
141,"Children of Paradise",Marcel Carné,,,,,France,1945
142,"The Last Wave",Peter Weir,,,,,Australia,1977
143,"That Obscure Object of Desire",Luis Buñuel,,,,,France,1977
144,"Loves of a Blonde",Miloš Forman,,,,,Czechoslovakia,1965
145,"The Firemen's Ball",Miloš Forman,,,,,Czechoslovakia,1967
146,"The Cranes Are Flying",Mikhail Kalatozov,,,,,Soviet Union,1957
147,"In the Mood for Love",Wong Kar Wai,,,,,Hong Kong,2000
148,"Ballad of a Soldier",Grigori Chukhrai,,,,,Soviet Union,1959
149,"Juliet of the Spirits",Federico Fellini,,,,,Italy,1965
150,"Bob le flambeur",Jean-Pierre Melville,,,,,France,1956
151,"Traffic",Steven Soderbergh,,,,,United States,2000
152,"George Washington",David Gordon Green,,,,,United States,2000
153,"General Idi Amin Dada: A Self-Portrait",Barbet Schroeder,,,,,France,1974
154,"The Horse's Mouth",Ronald Neame,,,,,United Kingdom,1958
155,"Tokyo Olympiad",Kon Ichikawa,,,,,Japan,1965
156,"Hearts and Minds",Peter Davis,,,,,United States,1974
157,"The Royal Tenenbaums",Wes Anderson,,,,,United States,2001
158,"The Importance of Being Earnest",Anthony Asquith,,,,,United Kingdom,1952
159,"Red Beard",Akira Kurosawa,,,,,Japan,1965
160,"À nous la liberté",René Clair,,,,,France,1931
161,"Under the Roofs of Paris",René Clair,,,,,France,1930
162,"Ratcatcher",Lynne Ramsay,,,,,United Kingdom,1999
163,"Hopscotch",Ronald Neame,,,,,United States,1980
164,"Solaris",Andrei Tarkovsky,,,,,Soviet Union,1972
165,"Man Bites Dog",Rémy Belvaux,André Bonzel,Benoit Poelvoorde,,,Belgium,1992
166,"Down by Law",Jim Jarmusch,,,,,United States,1986
167,"The Complete Monterey Pop Festival",,,,,,,
168,"Monterey Pop",D. A. Pennebaker,,,,,United States,1968
169,"Jimi Plays Monterey & Shake! Otis at Monterey",D. A. Pennebaker,Chris Hegedus,,,,United States,1986
170,"Trouble in Paradise",Ernst Lubitsch,,,,,United States,1932
171,"Contempt",Jean-Luc Godard,,,,,France,1963
172,"Pépé le moko",Julien Duvivier,,,,,France,1937
173,"The Life and Death of Colonel Blimp",Michael Powell,Emeric Pressburger,,,,United Kingdom,1943
174,"Band of Outsiders",Jean-Luc Godard,,,,,France,1964
175,"Fear and Loathing in Las Vegas",Terry Gilliam,,,,,United States,1998
176,"The Killers",,,,,,,
177,"The Lost Honor of Katharina Blum",Volker Schlöndorff,Margarethe von Trotta,,,,Germany,1975
178,"My Life as a Dog",Lasse Hallström,,,,,Sweden,1985
179,"I Am Curious",,,,,,,
180,"I Am Curious—Yellow",Vilgot Sjöman,,,,,Sweden,1967
181,"I Am Curious—Blue",Vilgot Sjöman,,,,,Sweden,1967
182,"Straw Dogs",Sam Peckinpah,,,,,United States,1971
183,"Les dames du Bois de Boulogne",Robert Bresson,,,,,France,1945
184,"By Brakhage: An Anthology, Volume One",Stan Brakhage,,,,,United States,
185,"The Adventures of Antoine Doinel",,,,,,,
186,"Stolen Kisses",François Truffaut,,,,,France,1968
187,"Bed and Board",François Truffaut,,,,,France,1970
188,"Love on the Run",François Truffaut,,,,,France,1979
189,"The White Sheik",Federico Fellini,,,,,Italy,1952
190,"Throne of Blood",Akira Kurosawa,,,,,Japan,1957
191,"Jubilee",Derek Jarman,,,,,United Kingdom,1978
192,"Coup de grâce",Volker Schlöndorff,,,,,Germany,1976
193,"Quai des Orfèvres",Henri-Georges Clouzot,,,,,France,1947
194,"Il posto",Ermanno Olmi,,,,,Italy,1961
195,"I fidanzati",Ermanno Olmi,,,,,Italy,1962
196,"Hiroshima mon amour",Alain Resnais,,,,,France,1959
197,"Night and Fog",Alain Resnais,,,,,France,1955
198,"Ali: Fear Eats the Soul",Rainer Werner Fassbinder,,,,,Germany,1974
199,"Schizopolis",Steven Soderbergh,,,,,United States,1996
200,"The Honeymoon Killers",Leonard Kastle,,,,,United States,1969
201,"Umberto D.",Vittorio De Sica,,,,,Italy,1952
202,"Indiscretion of an American Wife",Vittorio De Sica,,,,,United States,1953
203,"The BRD Trilogy",,,,,,,
204,"The Marriage of Maria Braun",Rainer Werner Fassbinder,,,,,West Germany,1979
205,"Veronika Voss",Rainer Werner Fassbinder,,,,,West Germany,1982
206,"Lola",Rainer Werner Fassbinder,,,,,West Germany,1981
207,"The Pornographers",Shohei Imamura,,,,,Japan,1966
208,"A Film Trilogy by Ingmar Bergman",,,,,,,
209,"Through a Glass Darkly",Ingmar Bergman,,,,,Sweden,1961
210,"Winter Light",Ingmar Bergman,,,,,Sweden,1963
211,"The Silence",Ingmar Bergman,,,,,Sweden,1963
213,"Richard III",Laurence Olivier,,,,,United Kingdom,1955
214,"All That Money Can Buy (a.k.a. The Devil and Daniel Webster)",William Dieterle,,,,,United States,1941
215,"Knife in the Water",Roman Polanski,,,,,Poland,1962
216,"The Rules of the Game",Jean Renoir,,,,,France,1939
217,"Tokyo Story",Yasujiro Ozu,,,,,Japan,1953
218,"Le cercle rouge",Jean-Pierre Melville,,,,,France,1970
219,"La strada",Federico Fellini,,,,,Italy,1954
220,"Naked Lunch",David Cronenberg,,,,,Canada,1991
221,"Ikiru",Akira Kurosawa,,,,,Japan,1952
222,"Diary of a Country Priest",Robert Bresson,,,,,France,1951
223,"Maîtresse",Barbet Schroeder,,,,,France,1976
224,"Pickup on South Street",Samuel Fuller,,,,,United States,1953
225,"Tunes of Glory",Ronald Neame,,,,,United Kingdom,1960
226,"Onibaba",Kaneto Shindo,,,,,Japan,1964
227,"Le Corbeau",Henri-Georges Clouzot,,,,,France,1943
228,"Salvatore Giuliano",Francesco Rosi,,,,,Italy,1962
229,"Scenes from a Marriage",Ingmar Bergman,,,,,Sweden,1973
230,"3 Women",Robert Altman,,,,,United States,1977
231,"The Testament of Dr. Mabuse",Fritz Lang,,,,,Germany,1933
232,"A Story of Floating Weeds / Floating Weeds: Two Films by Yasujiro Ozu",,,,,,,
233,"Stray Dog",Akira Kurosawa,,,,,Japan,1949
234,"The Tin Drum",Volker Schlöndorff,,,,,Germany,1979
235,"The Leopard",Luchino Visconti,,,,,Italy,1963
236,"Mamma Roma",Pier Paolo Pasolini,,,,,Italy,1962
237,"Smiles of a Summer Night",Ingmar Bergman,,,,,Sweden,1955
238,"A Woman Is a Woman",Jean-Luc Godard,,,,,France,1961
239,"The Lower Depths",,,,,,,
240,"Early Summer",Yasujiro Ozu,,,,,Japan,1951
241,"Stage and Spectacle: Three Films by Jean Renoir",,,,,,,
242,"The Golden Coach",Jean Renoir,,,,,France,1953
243,"French Cancan",Jean Renoir,,,,,France,1955
244,"Elena and Her Men",Jean Renoir,,,,,France,1956
245,"Port of Shadows",Marcel Carné,,,,,France,1938
246,"I vitelloni",Federico Fellini,,,,,Italy,1953
247,"Slacker",Richard Linklater,,,,,United States,1991
248,"Videodrome",David Cronenberg,,,,,Canada,1983
249,"The Battle of Algiers",Gillo Pontecorvo,,,,,Italy,1966
250,"John Cassavetes: Five Films",,,,,,,
251,"Shadows",John Cassavetes,,,,,United States,1959
252,"Faces",John Cassavetes,,,,,United States,1968
253,"A Woman Under the Influence",John Cassavetes,,,,,United States,1974
254,"The Killing of a Chinese Bookie",John Cassavetes,,,,,United States,1976
255,"Opening Night",John Cassavetes,,,,,United States,1977
256,"A Constant Forge",Charles Kiselyak,,,,,United States,2000
257,"Secret Honor",Robert Altman,,,,,United States,1984
258,"Tanner '88",Robert Altman,,,,,United States,1988
259,"Fat Girl",Catherine Breillat,,,,,France,2001
260,"Eyes Without a Face",Georges Franju,,,,,France,1960
261,"Fanny and Alexander",,,,,,,
262,"Fanny and Alexander: Television Version",Ingmar Bergman,,,,,Sweden,1983
263,"Fanny and Alexander: Theatrical Version",Ingmar Bergman,,,,,Sweden,1982
264,"The Making of Fanny and Alexander",Ingmar Bergman,,,,,Sweden,1982
265,"Short Cuts",Robert Altman,,,,,United States,1993
266,"The King of Kings",Cecil B. DeMille,,,,,United States,1927
267,"Kagemusha",Akira Kurosawa,,,,,Japan,1980
268,"Youth of the Beast",Seijun Suzuki,,,,,Japan,1963
269,"Fighting Elegy",Seijun Suzuki,,,,,Japan,1966
270,"Casque d'or",Jacques Becker,,,,,France,1952
271,"Touchez pas au grisbi",Jacques Becker,,,,,France,1954
272,"La commare secca",Bernardo Bertolucci,,,,,Italy,1962
273,"Thieves' Highway",Jules Dassin,,,,,United States,1949
274,"Night and the City",Jules Dassin,,,,,United States,1950
275,"Tout va bien",Jean-Luc Godard,Jean-Pierre Gorin,,,,France,1972
276,"The River",Jean Renoir,,,,,France,1951
277,"My Own Private Idaho",Gus Van Sant,,,,,United States,1991
278,"L’eclisse",Michelangelo Antonioni,,,,,Italy,1962
279,"Young Törless",Volker Schlöndorff,,,,,Germany,1966
280,"The Sword of Doom",Kihachi Okamoto,,,,,Japan,1966
281,"Jules and Jim",François Truffaut,,,,,France,1962
282,"Andrzej Wajda: Three War Films",,,,,,,
283,"A Generation",Andrzej Wajda,,,,,Poland,1955
284,"Kanal",Andrzej Wajda,,,,,Poland,1957
285,"Ashes and Diamonds",Andrzej Wajda,,,,,Poland,1958
286,"Divorce Italian Style",Pietro Germi,,,,,Italy,1961
287,"Burden of Dreams",Les Blank,,,,,United States,1982
288,"F for Fake",Orson Welles,,,,,United States,1975
289,"Hoop Dreams",Steve James,,,,,United States,1994
290,"The Phantom of Liberty",Luis Buñuel,,,,,France,1974
291,"Heaven Can Wait",Ernst Lubitsch,,,,,United States,1943
292,"Unfaithfully Yours",Preston Sturges,,,,,United States,1948
293,"The Flowers of St. Francis",Roberto Rossellini,,,,,Italy,1950
294,"The Browning Version",Anthony Asquith,,,,,United Kingdom,1951
295,"Crazed Fruit",Kô Nakahira,,,,,Japan,1956
296,"Le notti bianche",Luchino Visconti,,,,,Italy,1957
297,"Au hasard Balthazar",Robert Bresson,,,,,France,1966
298,"Gate of Flesh",Seijun Suzuki,,,,,Japan,1964
299,"Story of a Prostitute",Seijun Suzuki,,,,,Japan,1965
300,"The Life Aquatic with Steve Zissou",Wes Anderson,,,,,United States,2004
301,"An Angel at My Table",Jane Campion,,,,,New Zealand,1990
302,"Harakiri",Masaki Kobayashi,,,,,Japan,1962
303,"Bad Timing",Nicolas Roeg,,,,,United Kingdom,1980
304,"The Man Who Fell to Earth",Nicolas Roeg,,,,,United States,1976
305,"Boudu Saved from Drowning",Jean Renoir,,,,,France,1932
306,"Le samouraï",Jean-Pierre Melville,,,,,France,1967
307,"Naked",Mike Leigh,,,,,United Kingdom,1993
308,"Masculin féminin",Jean-Luc Godard,,,,,France,1966
309,"Ugetsu",Kenji Mizoguchi,,,,,Japan,1953
310,"Samurai Rebellion",Masaki Kobayashi,,,,,Japan,1967
311,"Sword of the Beast",Hideo Gosha,,,,,Japan,1965
312,"Samurai Spy",Masahiro Shinoda,,,,,Japan,1965
313,"Kill!",Kihachi Okamoto,,,,,Japan,1968
314,"Pickpocket",Robert Bresson,,,,,France,1959
315,"Shoot the Piano Player",François Truffaut,,,,,France,1960
316,"Ran",Akira Kurosawa,,,,,Japan,1985
317,"The Tales of Hoffmann",Michael Powell,Emeric Pressburger,,,,United Kingdom,1951
318,"Forbidden Games",René Clément,,,,,France,1952
319,"The Bad Sleep Well",Akira Kurosawa,,,,,Japan,1960
320,"Young Mr. Lincoln",John Ford,,,,,United States,1939
321,"The Virgin Spring",Ingmar Bergman,,,,,Sweden,1960
322,"The Complete Mr. Arkadin",Orson Welles,,,,,France,1955
323,"The Children Are Watching Us",Vittorio De Sica,,,,,Italy,1944
324,"La bête humaine",Jean Renoir,,,,,France,1938
325,"Kind Hearts and Coronets",Robert Hamer,,,,,United Kingdom,1949
326,"Metropolitan",Whit Stillman,,,,,United States,1990
327,"3 Films by Louis Malle",,,,,,,
328,"Murmur of the Heart",Louis Malle,,,,,France,1971
329,"Lacombe, Lucien",Louis Malle,,,,,France,1974
330,"Au revoir les enfants",Louis Malle,,,,,France,1987
331,"Late Spring",Yasujiro Ozu,,,,,Japan,1949
332,"Viridiana",Luis Buñuel,,,,,Spain,1961
333,"Fists in the Pocket",Marco Bellocchio,,,,,Italy,1965
334,"Harlan County USA",Barbara Kopple,,,,,United States,1976
335,"Elevator to the Gallows",Louis Malle,,,,,France,1958
336,"Dazed and Confused",Richard Linklater,,,,,United States,1993
337,"À nos amours",Maurice Pialat,,,,,France,1983
338,"Equinox",Jack Woods,,,,,United States,1970
339,"Yi Yi",Edward Yang,,,,,Taiwan,2000
340,"Koko: A Talking Gorilla",Barbet Schroeder,,,,,France,1978
341,"A Canterbury Tale",Michael Powell,Emeric Pressburger,,,,United Kingdom,1944
342,"Six Moral Tales",,,,,,,
343,"The Bakery Girl of Monceau",Eric Rohmer,,,,,France,1963
344,"Suzanne's Career",Eric Rohmer,,,,,France,1963
345,"My Night at Maud's",Eric Rohmer,,,,,France,1969
346,"La collectionneuse",Eric Rohmer,,,,,France,1967
347,"Claire's Knee",Eric Rohmer,,,,,France,1970
348,"Love in the Afternoon",Eric Rohmer,,,,,France,1972
349,"Kicking and Screaming",Noah Baumbach,,,,,United States,1995
350,"Seduced and Abandoned",Pietro Germi,,,,,Italy,1964
351,"The Spirit of the Beehive",Víctor Erice,,,,,Spain,1973
352,"Jigoku",Nobuo Nakagawa,,,,,Japan,1960
353,"Sólo con tu pareja",Alfonso Cuarón,,,,,Mexico,1991
354,"Clean, Shaven",Lodge Kerrigan,,,,,United States,1994
355,"Hands over the City",Francesco Rosi,,,,,Italy,1963
356,"Sweetie",Jane Campion,,,,,New Zealand,1989
357,"The Fallen Idol",Carol Reed,,,,,United Kingdom,1948
358,"Pandora's Box",G. W. Pabst,,,,,Germany,1929
359,"The Double Life of Véronique",Krzysztof Kieślowski,,,,,France,1991
360,"Symbiopsychotaxiplasm: Two Takes by William Greaves",William Greaves,,,,,United States,
361,"The Beales of Grey Gardens",Albert Maysles and David Maysles,,,,,United States,2006
362,"Border Radio",Allison Anders,Dean Lent,Kurt Voss,,,United States,1987
363,"Mouchette",Robert Bresson,,,,,France,1967
364,"Monsters and Madmen",,,,,,,
365,"First Man into Space",Robert Day,,,,,United States,1959
366,"The Atomic Submarine",Spencer G. Bennet,,,,,United States,1959
367,"The Haunted Strangler",Robert Day,,,,,United States,1958
368,"Corridors of Blood",Robert Day,,,,,United States,1959
369,"Paul Robeson: Portraits of the Artist",,,,,,,
370,"The Emperor Jones",Dudley Murphy,,,,,United States,1933
371,"Body and Soul",Oscar Micheaux,,,,,United States,1925
372,"Sanders of the River",Zoltán Korda,,,,,United Kingdom,1935
373,"The Proud Valley",Pen Tennyson,,,,,United Kingdom,1940
374,"Bicycle Thieves",Vittorio De Sica,,,,,Italy,1948
375,"Green for Danger",Sidney Gilliat,,,,,United Kingdom,1946
376,"49th Parallel",Michael Powell,,,,,United Kingdom,1941
377,"When a Woman Ascends the Stairs",Mikio Naruse,,,,,Japan,1960
378,"Fires on the Plain",Kon Ichikawa,,,,,Japan,1959
379,"The Burmese Harp",Kon Ichikawa,,,,,Japan,1956
380,"The Naked City",Jules Dassin,,,,,United States,1948
381,"La haine",Mathieu Kassovitz,,,,,France,1995
382,"Overlord",Stuart Cooper,,,,,United Kingdom,1975
383,"Brute Force",Jules Dassin,,,,,United States,1947
384,"Vengeance Is Mine",Shohei Imamura,,,,,Japan,1979
385,"Army of Shadows",Jean-Pierre Melville,,,,,France,1969
386,"Sansho the Bailiff",Kenji Mizoguchi,,,,,Japan,1954
387,"La Jetée/Sans Soleil",,,,,,,
388,"The Two of Us",Claude Berri,,,,,France,1967
389,"WR: Mysteries of the Organism",Dušan Makavejev,,,,,Yugoslavia,1971
390,"Sweet Movie",Dušan Makavejev,,,,,France,1974
391,"If....",Lindsay Anderson,,,,,United Kingdom,1969
392,"Three Films by Hiroshi Teshigahara",,,,,,,
393,"Pitfall",Hiroshi Teshigahara,,,,,Japan,1962
394,"Woman in the Dunes",Hiroshi Teshigahara,,,,,Japan,1964
395,"The Face of Another",Hiroshi Teshigahara,,,,,Japan,1966
396,"Ace in the Hole",Billy Wilder,,,,,United States,1951
397,"Ivan's Childhood",Andrei Tarkovsky,,,,,Soviet Union,1962
398,"Les enfants terribles",Jean-Pierre Melville,,,,,France,1950
399,"House of Games",David Mamet,,,,,United States,1987
400,"Stranger Than Paradise",Jim Jarmusch,,,,,United States,1984
401,"Night on Earth",Jim Jarmusch,,,,,United States,1991
402,"The Milky Way",Luis Buñuel,,,,,France,1969
403,"Cría cuervos . . .",Carlos Saura,,,,,Spain,1976
404,"Robinson Crusoe on Mars",Byron Haskin,,,,,United States,1964
405,"The Threepenny Opera",G. W. Pabst,,,,,Germany,1931
406,"Martha Graham: Dance on Film",Nathan Kroll,,,,,United States,1959
407,"Mala Noche",Gus Van Sant,,,,,United States,1985
408,"Breathless",Jean-Luc Godard,,,,,France,1960
409,"Days of Heaven",Terrence Malick,,,,,United States,1978
410,"Under the Volcano",John Huston,,,,,United States,1984
411,"Berlin Alexanderplatz",Rainer Werner Fassbinder,,,,,Germany,1980
412,"Sawdust and Tinsel",Ingmar Bergman,,,,,Sweden,1953
413,"Drunken Angel",Akira Kurosawa,,,,,Japan,1948
414,"Two-Lane Blacktop",Monte Hellman,,,,,United States,1971
415,"The Naked Prey",Cornel Wilde,,,,,United States,1965
416,"Miss Julie",Alf Sjöberg,,,,,Sweden,1951
417,"This Sporting Life",Lindsay Anderson,,,,,United Kingdom,1963
418,"4 by Agnès Varda",,,,,,,
419,"La Pointe Courte",Agnès Varda,,,,,France,1955
420,"Le bonheur",Agnès Varda,,,,,France,1965
421,"Pierrot le fou",Jean-Luc Godard,,,,,France,1965
422,"The Last Emperor",Bernardo Bertolucci,,,,,China,1987
423,"Walker",Alex Cox,,,,,United States,1987
424,"Mafioso",Alberto Lattuada,,,,,Italy,1962
425,"Antonio Gaudí",Hiroshi Teshigahara,,,,,Japan,1984
426,"The Ice Storm",Ang Lee,,,,,United States,1997
427,"Death of a Cyclist",Juan Antonio Bardem,,,,,Spain,1955
428,"Blast of Silence",Allen Baron,,,,,United States,1961
429,"The Lovers",Louis Malle,,,,,France,1958
430,"The Fire Within",Louis Malle,,,,,France,1963
431,"The Thief of Bagdad",Ludwig Berger,Michael Powell,Tim Whelan,,,United Kingdom,1940
432,"Mishima: A Life in Four Chapters",Paul Schrader,,,,,United States,1985
433,"Patriotism",Yukio Mishima,Domoto Masaki,,,,Japan,1966
434,"Classe tous risques",Claude Sautet,,,,,France,1960
435,"The Furies",Anthony Mann,,,,,United States,1950
436,"Before the Rain",Milcho Manchevski,,,,,Republic of Macedonia,1994
437,"Vampyr",Carl Th. Dreyer,,,,,Denmark,1932
438,"Mon oncle Antoine",Claude Jutra,,,,,Canada,1971
439,"Trafic",Jacques Tati,,,,,France,1971
440,"Brand upon the Brain!",Guy Maddin,,,,,Canada,2006
441,"The Small Back Room",Michael Powell,Emeric Pressburger,,,,United Kingdom,1949
442,"Twenty-Four Eyes",Keisuke Kinoshita,,,,,Japan,1954
443,"La ronde",Max Ophuls,,,,,France,1950
444,"Le plaisir",Max Ophuls,,,,,France,1952
445,"The Earrings of Madame de . . .",Max Ophuls,,,,,France,1953
446,"An Autumn Afternoon",Yasujiro Ozu,,,,,Japan,1962
447,"Le doulos",Jean-Pierre Melville,,,,,France,1962
448,"Le deuxième souffle",Jean-Pierre Melville,,,,,France,1966
449,"Missing",Costa-Gavras,,,,,United States,1982
450,"Bottle Rocket",Wes Anderson,,,,,United States,1996
451,"Fanfan la Tulipe",Christian-Jaque,,,,,France,1952
452,"The Spy Who Came in from the Cold",Martin Ritt,,,,,United States,1965
453,"Chungking Express",Wong Kar Wai,,,,,Hong Kong,1994
454,"Europa",Lars von Trier,,,,,Denmark,1991
455,"White Dog",Samuel Fuller,,,,,United States,1982
456,"The Taking of Power by Louis XIV",Roberto Rossellini,,,,,Italy,1966
457,"Magnificent Obsession",Douglas Sirk,,,,,United States,1954
458,"El Norte",Gregory Nava,,,,,Guatemala,1983
459,"The Exterminating Angel",Luis Buñuel,,,,,Mexico,1962
460,"Simon of the Desert",Luis Buñuel,,,,,Mexico,1965
461,"Hobson's Choice",David Lean,,,,,United Kingdom,1954
462,"The Last Metro",François Truffaut,,,,,France,1980
463,"Il Generale Della Rovere",Roberto Rossellini,,,,,Italy,1959
464,"Danton",Andrzej Wajda,,,,,France,1983
465,"Dodes'ka-den",Akira Kurosawa,,,,,Japan,1970
466,"In the Realm of the Senses",Nagisa Oshima,,,,,Japan,1976
467,"Empire of Passion",Nagisa Oshima,,,,,Japan,1978
468,"Science Is Fiction: 23 Films by Jean Painlevé",Jean Painlevé,,,,,France,
469,"The Hit",Stephen Frears,,,,,United Kingdom,1984
470,"Wise Blood",John Huston,,,,,United States,1979
471,"Pigs, Pimps & Prostitutes: 3 Films by Shohei Imamura",,,,,,,
472,"Pigs and Battleships",Shohei Imamura,,,,,Japan,1962
473,"The Insect Woman",Shohei Imamura,,,,,Japan,1963
474,"Intentions of Murder",Shohei Imamura,,,,,Japan,1964
475,"The Friends of Eddie Coyle",Peter Yates,,,,,United States,1973
476,"The Curious Case of Benjamin Button",David Fincher,,,,,United States,2008
477,"Bergman Island",Marie Nyreröd,,,,,Sweden,2006
478,"Last Year at Marienbad",Alain Resnais,,,,,France,1961
479,"My Dinner with André",Louis Malle,,,,,United States,1981
480,"The Human Condition",Masaki Kobayashi,,,,,Japan,1959
481,"Made in U.S.A",Jean-Luc Godard,,,,,France,1966
482,"2 or 3 Things I Know About Her",Jean-Luc Godard,,,,,France,1967
483,"Repulsion",Roman Polanski,,,,,United Kingdom,1965
484,"Jeanne Dielman, 23, quai du Commerce, 1080 Bruxelles",Chantal Akerman,,,,,France,1975
485,"The Last Days of Disco",Whit Stillman,,,,,United States,1998
486,"Homicide",David Mamet,,,,,United States,1991
487,"That Hamilton Woman",Alexander Korda,,,,,United Kingdom,1941
488,"Howards End",James Ivory,,,,,United Kingdom,1992
489,"Monsoon Wedding",Mira Nair,,,,,India,2001
490,"Wings of Desire",Wim Wenders,,,,,Germany,1987
491,"Z",Costa-Gavras,,,,,Greece,1969
492,"A Christmas Tale",Arnaud Desplechin,,,,,France,2008
493,"Gomorrah",Matteo Garrone,,,,,Italy,2008
494,"Downhill Racer",Michael Ritchie,,,,,United States,1969
495,"The Golden Age of Television",,,,,,United States,
496,"Che",Steven Soderbergh,,,,,France,2008
497,"Rome Open City",Roberto Rossellini,,,,,Italy,1945
498,"Paisan",Roberto Rossellini,,,,,Italy,1946
499,"Germany Year Zero",Roberto Rossellini,,,,,Italy,1948
500,"Roberto Rossellini's War Trilogy",,,,,,,
501,"Paris, Texas",Wim Wenders,,,,,Germany,1984
502,"Revanche",Götz Spielmann,,,,,Austria,2008
503,"Lola Montès",Max Ophuls,,,,,Germany,1955
504,"Hunger",Steve McQueen,,,,,Ireland,2008
505,"Make Way for Tomorrow",Leo McCarey,,,,,United States,1937
506,"Dillinger Is Dead",Marco Ferreri,,,,,Italy,1969
507,"Bigger Than Life",Nicholas Ray,,,,,United States,1956
508,"Letters from Fontainhas: Three Films by Pedro Costa",,,,,,,
509,"Ossos",Pedro Costa,,,,,Portugal,1997
510,"In Vanda's Room",Pedro Costa,,,,,Portugal,2000
511,"Colossal Youth",Pedro Costa,,,,,Portugal,2006
512,"Vivre sa vie",Jean-Luc Godard,,,,,France,1962
513,"Summer Hours",Olivier Assayas,,,,,France,2008
514,"Ride with the Devil",Ang Lee,,,,,United States,1999
515,"The Fugitive Kind",Sidney Lumet,,,,,United States,1960
516,"Stagecoach",John Ford,,,,,United States,1939
517,"By Brakhage: An Anthology, Volume Two",Stan Brakhage,,,,,United States,
518,"By Brakhage: An Anthology, Volumes One and Two",,,,,,,
519,"Close-up",Abbas Kiarostami,,,,,Iran,1990
520,"Everlasting Moments",Jan Troell,,,,,Sweden,2008
521,"Mystery Train",Jim Jarmusch,,,,,United States,1989
522,"Red Desert",Michelangelo Antonioni,,,,,France,1964
523,"Night Train to Munich",Carol Reed,,,,,United Kingdom,1940
524,"The Only Son/There Was a Father: Two Films by Yasujiro Ozu",,,,,,,
525,"The Only Son",Yasujiro Ozu,,,,,Japan,1936
526,"There Was a Father",Yasujiro Ozu,,,,,Japan,1942
527,"The Secret of the Grain",Abdellatif Kechiche,,,,,France,2007
528,"3 Silent Classics by Josef von Sternberg",,,,,,,
529,"Underworld",Josef von Sternberg,,,,,United States,1927
530,"The Last Command",Josef von Sternberg,,,,,United States,1928
531,"The Docks of New York",Josef von Sternberg,,,,,United States,1928
532,"Louie Bluie",Terry Zwigoff,,,,,United States,1985
533,"Crumb",Terry Zwigoff,,,,,United States,1995
534,"L'enfance nue",Maurice Pialat,,,,,France,1968
535,"Merry Christmas Mr. Lawrence",Nagisa Oshima,,,,,United Kingdom,1983
536,"The Thin Red Line",Terrence Malick,,,,,United States,1998
537,"The Magician",Ingmar Bergman,,,,,Sweden,1958
538,"Paths of Glory",Stanley Kubrick,,,,,United States,1957
539,"House",Nobuhiko Obayashi,,,,,Japan,1977
540,"The Darjeeling Limited",Wes Anderson,,,,,United States,2007
541,"The Night of the Hunter",Charles Laughton,,,,,United States,1955
542,"Antichrist",Lars von Trier,,,,,Denmark,2009
543,"Modern Times",Charles Chaplin,,,,,United States,1936
544,"Head",Bob Rafelson,,,,,United States,1968
545,"Easy Rider",Dennis Hopper,,,,,United States,1969
546,"Five Easy Pieces",Bob Rafelson,,,,,United States,1970
547,"Drive, He Said",Jack Nicholson,,,,,United States,1970
548,"A Safe Place",Henry Jaglom,,,,,United States,1971
549,"The Last Picture Show",Peter Bogdanovich,,,,,United States,1971
550,"The King of Marvin Gardens",Bob Rafelson,,,,,United States,1972
551,"Cronos",Guillermo del Toro,,,,,Mexico,1993
552,"Broadcast News",James L. Brooks,,,,,United States,1987
553,"Fish Tank",Andrea Arnold,,,,,United Kingdom,2009
554,"Still Walking",Hirokazu Kore-eda,,,,,Japan,2008
555,"Sweet Smell of Success",Alexander Mackendrick,,,,,United States,1957
556,"Senso",Luchino Visconti,,,,,Italy,1954
557,"The Times of Harvey Milk",Robert Epstein,,,,,United States,1984
558,"Topsy-Turvy",Mike Leigh,,,,,United Kingdom,1999
559,"The Mikado",Victor Schertzinger,,,,,United Kingdom,1939
560,"White Material",Claire Denis,,,,,France,2009
561,"Kes",Ken Loach,,,,,United Kingdom,1970
562,"Blow Out",Brian De Palma,,,,,United States,1981
563,"Something Wild",Jonathan Demme,,,,,United States,1986
564,"Pale Flower",Masahiro Shinoda,,,,,Japan,1964
565,"The Great Dictator",Charles Chaplin,,,,,United States,1940
566,"Insignificance",Nicolas Roeg,,,,,United Kingdom,1985
567,"The Makioka Sisters",Kon Ichikawa,,,,,Japan,1983
568,"Kiss Me Deadly",Robert Aldrich,,,,,United States,1955
569,"People on Sunday",Robert Siodmak and Edgar G. Ulmer,,,,,Germany,1930
570,"Zazie dans le métro",Louis Malle,,,,,France,1960
571,"Black Moon",Louis Malle,,,,,France,1975
572,"Léon Morin, Priest",Jean-Pierre Melville,,,,,France,1961
573,"The Music Room",Satyajit Ray,,,,,India,1958
574,"Life During Wartime",Todd Solondz,,,,,United States,2010
575,"The Killing",Stanley Kubrick,,,,,United States,1956
576,"Secret Sunshine",Lee Chang-dong,,,,,South Korea,2007
577,"Cul-de-sac",Roman Polanski,,,,,United Kingdom,1966
578,"The Complete Jean Vigo",,,,,,,
579,"The Phantom Carriage",Victor Sjöström,,,,,Sweden,1921
580,"Le beau Serge",Claude Chabrol,,,,,France,1958
581,"Les cousins",Claude Chabrol,,,,,France,1959
582,"Carlos",Olivier Assayas,,,,,Germany,2010
583,"The Four Feathers",Zoltán Korda,,,,,United Kingdom,1939
584,"Kuroneko",Kaneto Shindo,,,,,Japan,1968
585,"Identification of a Woman",Michelangelo Antonioni,,,,,Italy,1982
586,"Island of Lost Souls",Erle C. Kenton,,,,,United States,1932
587,"Three Colors",,,,,,,
588,"Three Colors: Blue",Krzysztof Kieślowski,,,,,France,1993
589,"Three Colors: White",Krzysztof Kieślowski,,,,,Poland,1994
590,"Three Colors: Red",Krzysztof Kieślowski,,,,,Switzerland,1994
591,"12 Angry Men",Sidney Lumet,,,,,United States,1957
592,"Design for Living",Ernst Lubitsch,,,,,United States,1933
593,"Belle de jour",Luis Buñuel,,,,,France,1967
594,"Godzilla",Ishiro Honda,,,,,Japan,1954
595,"The Moment of Truth",Francesco Rosi,,,,,Italy,1965
596,"Three Outlaw Samurai",Hideo Gosha,,,,,Japan,1964
597,"Tiny Furniture",Lena Dunham,,,,,United States,2010
598,"World on a Wire",Rainer Werner Fassbinder,,,,,Germany,1973
599,"Vanya on 42nd Street",Louis Malle,,,,,United States,1994
600,"Anatomy of a Murder",Otto Preminger,,,,,United States,1959
601,"Letter Never Sent",Mikhail Kalatozov,,,,,Soviet Union,1959
602,"The War Room",Chris Hegedus,D. A. Pennebaker,,,,United States,1993
603,"David Lean Directs Noël Coward",,,,,,,
604,"In Which We Serve",David Lean,Noël Coward,,,,United Kingdom,1942
605,"This Happy Breed",David Lean,,,,,United Kingdom,1944
606,"Blithe Spirit",David Lean,,,,,United Kingdom,1945
607,"A Hollis Frampton Odyssey",Hollis Frampton,,,,,United States,
608,"Harold and Maude",Hal Ashby,,,,,United States,1971
609,"¡Alambrista!",Robert M. Young,,,,,United States,1977
610,"The Organizer",Mario Monicelli,,,,,Italy,1963
611,"Being John Malkovich",Spike Jonze,,,,,United States,1999
612,"Certified Copy",Abbas Kiarostami,,,,,Iran,2010
613,"Summer Interlude",Ingmar Bergman,,,,,Sweden,1951
614,"Summer with Monika",Ingmar Bergman,,,,,Sweden,1953
615,"The Gold Rush",Charles Chaplin,,,,,United States,1942
616,"Shallow Grave",Danny Boyle,,,,,United Kingdom,1994
617,"And Everything Is Going Fine",Steven Soderbergh,,,,,United States,2010
618,"Gray's Anatomy",Steven Soderbergh,,,,,United States,1997
619,"Le Havre",Aki Kaurismäki,,,,,France,2011
620,"La promesse",Luc Dardenne,Jean-Pierre Dardenne,,,,Belgium,1996
621,"Rosetta",Luc Dardenne,Jean-Pierre Dardenne,,,,Belgium,1999
622,"Weekend",Andrew Haigh,,,,,United Kingdom,2011
623,"Lonesome",Paul Fejos,,,,,United States,1928
624,"Quadrophenia",Franc Roddam,,,,,United Kingdom,1979
625,"Eating Raoul",Paul Bartel,,,,,United States,1982
626,"Les visiteurs du soir",Marcel Carné,,,,,France,1942
627,"The Game",David Fincher,,,,,United States,1997
628,"The Forgiveness of Blood",Joshua Marston,,,,,United States,2011
629,"Sunday Bloody Sunday",John Schlesinger,,,,,United Kingdom,1971
630,"Rosemary's Baby",Roman Polanski,,,,,United States,1968
631,"Trilogy of Life",,,,,,,
632,"The Decameron",Pier Paolo Pasolini,,,,,Italy,1971
633,"The Canterbury Tales",Pier Paolo Pasolini,,,,,Italy,1972
634,"Arabian Nights",Pier Paolo Pasolini,,,,,Italy,1974
635,"Weekend",Jean-Luc Godard,,,,,France,1967
636,"Heaven's Gate",Michael Cimino,,,,,United States,1980
637,"Purple Noon",René Clément,,,,,France,1960
638,"Following",Christopher Nolan,,,,,United Kingdom,1999
639,"The Qatsi Trilogy",,,,,,,
640,"Koyaanisqatsi",Godfrey Reggio,,,,,United States,1983
641,"Powaqqatsi",Godfrey Reggio,,,,,United States,1988
642,"Naqoyqatsi",Godfrey Reggio,,,,,United States,2002
643,"The Man Who Knew Too Much",Alfred Hitchcock,,,,,United Kingdom,1934
644,"Pina",Wim Wenders,,,,,Germany,2011
645,"The Ballad of Narayama",Keisuke Kinoshita,,,,,Japan,1958
646,"The Kid with a Bike",Jean-Pierre Dardenne,Luc Dardenne,,,,Belgium,2011
647,"On the Waterfront",Elia Kazan,,,,,United States,1954
648,"Chronicle of a Summer",Jean Rouch,Edgar Morin,,,,France,1961
649,"Ministry of Fear",Fritz Lang,,,,,United States,1944
650,"A Man Escaped",Robert Bresson,,,,,France,1956
651,"Badlands",Terrence Malick,,,,,United States,1973
652,"Monsieur Verdoux",Charles Chaplin,,,,,United States,1947
653,"Gate of Hell",Teinosuke Kinugasa,,,,,Japan,1953
654,"Repo Man",Alex Cox,,,,,United States,1984
655,"Pierre Etaix",,,,,,,
656,"Jubal",Delmer Daves,,,,,United States,1956
657,"3:10 to Yuma",Delmer Daves,,,,,United States,1957
658,"Medium Cool",Haskell Wexler,,,,,United States,1969
659,"Life Is Sweet",Mike Leigh,,,,,United Kingdom,1990
660,"Things to Come",William Cameron Menzies,,,,,United Kingdom,1936
661,"Marketa Lazarová",František Vláčil,,,,,Czechoslovakia,1967
662,"Safety Last!",Fred Newmeyer,Sam Taylor,,,,United States,1923
663,"Shoah",Claude Lanzmann,,,,,France,1985
664,"The Life of Oharu",Kenji Mizoguchi,,,,,Japan,1952
665,"Babette's Feast",Gabriel Axel,,,,,Denmark,1987
666,"The Devil's Backbone",Guillermo del Toro,,,,,Mexico,2001
667,"Seconds",John Frankenheimer,,,,,United States,1966
668,"The Big City",Satyajit Ray,,,,,India,1963
669,"Charulata",Satyajit Ray,,,,,India,1964
670,"To Be or Not to Be",Ernst Lubitsch,,,,,United States,1942
671,"La Cage aux Folles",Edouard Molinaro,,,,,France,1978
672,"3 Films by Roberto Rossellini Starring Ingrid Bergman",,,,,,,
673,"Stromboli",Roberto Rossellini,,,,,Italy,1950
674,"Europe '51",Roberto Rossellini,,,,,Italy,1952
675,"Journey to Italy",Roberto Rossellini,,,,,Italy,1954
676,"I Married a Witch",René Clair,,,,,United States,1942
677,"The Uninvited",Lewis Allen,,,,,United States,1944
678,"La notte",Michelangelo Antonioni,,,,,Italy,1961
679,"Zatoichi: The Blind Swordsman",,,,,,,
680,"City Lights",Charles Chaplin,,,,,United States,1931
681,"Frances Ha",Noah Baumbach,,,,,United States,2013
682,"Investigation of a Citizen Above Suspicion",Elio Petri,,,,,Italy,1970
683,"Nashville",Robert Altman,,,,,United States,1975
684,"Martin Scorsese's World Cinema Project No. 1",,,,,,,
685,"Touki bouki",Djibril Diop Mambéty,,,,,Senegal,1973
686,"Redes",Emilio Gómez Muriel,,,,,Mexico,1936
687,"A River Called Titas",Ritwik Ghatak,,,,,Bangladesh,1973
688,"Dry Summer",Metin Erksan,,,,,Turkey,1964
689,"Trances",Ahmed El Maanouni,,,,,Morocco,1981
690,"The Housemaid",Kim Ki-young,,,,,South Korea,1960
691,"Thief",Michael Mann,,,,,United States,1981
692,"It's a Mad, Mad, Mad, Mad World",Stanley Kramer,,,,,United States,1963
693,"La vie de bohème",Aki Kaurismäki,,,,,Finland,1992
694,"The Long Day Closes",Terence Davies,,,,,United Kingdom,1992
695,"Blue Is the Warmest Color",Abdellatif Kechiche,,,,,France,2013
696,"Foreign Correspondent",Alfred Hitchcock,,,,,United States,1940
697,"Tess",Roman Polanski,,,,,United Kingdom,1979
698,"King of the Hill",Steven Soderbergh,,,,,United States,1993
699,"A Brief History of Time",Errol Morris,,,,,United States,1991
700,"Fantastic Mr. Fox",Wes Anderson,,,,,United States,2009
701,"Persona",Ingmar Bergman,,,,,Sweden,1966
702,"The Great Beauty",Paolo Sorrentino,,,,,Italy,2013
703,"The Freshman",Sam Taylor and Fred Newmeyer,,,,,United States,1925
704,"Riot in Cell Block 11",Don Siegel,,,,,United States,1954
705,"Breaking the Waves",Lars von Trier,,,,,Denmark,1996
706,"Master of the House",Carl Th. Dreyer,,,,,Denmark,1925
707,"Il sorpasso",Dino Risi,,,,,Italy,1962
708,"Like Someone in Love",Abbas Kiarostami,,,,,Japan,2012
709,"Red River",Howard Hawks,,,,,United States,1948
710,"Judex",Georges Franju,,,,,France,1963
711,"A Hard Day's Night",Richard Lester,,,,,United Kingdom,1964
712,"Scanners",David Cronenberg,,,,,Canada,1981
713,"The Essential Jacques Demy",,,,,,,
714,"Lola",Jacques Demy,,,,,France,1961
715,"Bay of Angels",Jacques Demy,,,,,France,1963
716,"The Umbrellas of Cherbourg",Jacques Demy,,,,,France,1964
717,"The Young Girls of Rochefort",Jacques Demy,,,,,France,1967
718,"Donkey Skin",Jacques Demy,,,,,France,1970
719,"Une chambre en ville",Jacques Demy,,,,,France,1982
720,"The Big Chill",Lawrence Kasdan,,,,,United States,1983
721,"Love Streams",John Cassavetes,,,,,United States,1984
722,"Tie Me Up! Tie Me Down!",Pedro Almodóvar,,,,,Spain,1990
723,"Y tu mamá también",Alfonso Cuarón,,,,,Mexico,2001
724,"All That Jazz",Bob Fosse,,,,,United States,1979
725,"Eraserhead",David Lynch,,,,,United States,1977
726,"Macbeth",Roman Polanski,,,,,United Kingdom,1971
727,"The Innocents",Jack Clayton,,,,,United States,1961
728,"Sundays and Cybèle",Serge Bourguignon,,,,,France,1962
729,"The Complete Jacques Tati",,,,,,,
730,"Jour de fête",Jacques Tati,,,,,France,1949
731,"Parade",Jacques Tati,,,,,France,1974
732,"My Darling Clementine",John Ford,,,,,United States,1946
733,"La dolce vita",Federico Fellini,,,,,Italy,1960
734,"The Shooting",Monte Hellman,,,,,United States,1966
735,"Ride in the Whirlwind",Monte Hellman,,,,,United States,1966
736,"It Happened One Night",Frank Capra,,,,,United States,1934
737,"Les Blank: Always for Pleasure",Les Blank,,,,,United States,1968
738,"Tootsie",Sydney Pollack,,,,,United States,1982
739,"Safe",Todd Haynes,,,,,United States,1995
740,"The Bitter Tears of Petra von Kant",Rainer Werner Fassbinder,,,,,West Germany,1972
741,"My Winnipeg",Guy Maddin,,,,,Canada,2007
742,"The Palm Beach Story",Preston Sturges,,,,,United States,1942
743,"La Ciénaga",Lucrecia Martel,,,,,Argentina,2001
744,"Every Man for Himself",Jean-Luc Godard,,,,,France,1980
745,"Don't Look Now",Nicolas Roeg,,,,,United Kingdom,1973
746,"A Day in the Country",Jean Renoir,,,,,France,1936
747,"Fellini Satyricon",Federico Fellini,,,,,Italy,1969
748,"Watership Down",Martin Rosen,,,,,United Kingdom,1978
749,"The Soft Skin",François Truffaut,,,,,France,1964
750,"Ride the Pink Horse",Robert Montgomery,,,,,United States,1947
751,"Gates of Heaven",Errol Morris,,,,,United States,1978
752,"Vernon, Florida",Errol Morris,,,,,United States,1981
753,"The Thin Blue Line",Errol Morris,,,,,United States,1988
754,"Odd Man Out",Carol Reed,,,,,United Kingdom,1947
755,"Le silence de la mer",Jean-Pierre Melville,,,,,France,1949
756,"Limelight",Charles Chaplin,,,,,United States,1952
757,"The Rose",Mark Rydell,,,,,United States,1979
758,"The Merchant of Four Seasons",Rainer Werner Fassbinder,,,,,Germany,1971
759,"The Confession",Costa-Gavras,,,,,Italy,1970
760,"State of Siege",Costa-Gavras,,,,,France,1972
761,"Valerie and Her Week of Wonders",Jaromil Jireš,,,,,Czechoslovakia,1970
762,"A Master Builder",Jonathan Demme,,,,,United States,2014
763,"The Bridge",Bernhard Wicki,,,,,Germany,1959
764,"The Fisher King",Terry Gilliam,,,,,United States,1991
765,"The Black Stallion",Carroll Ballard,,,,,United States,1979
766,"Here Is Your Life",Jan Troell,,,,,Sweden,1966
767,"My Beautiful Laundrette",Stephen Frears,,,,,United Kingdom,1985
768,"The French Lieutenant's Woman",Karel Reisz,,,,,United Kingdom,1981
769,"Day for Night",François Truffaut,,,,,France,1973
770,"Dressed to Kill",Brian De Palma,,,,,United States,1980
771,"Two Days, One Night",Jean-Pierre Dardenne,Luc Dardenne,,,,Belgium,2014
772,"Blind Chance",Krzysztof Kieślowski,,,,,Poland,1981
773,"Breaker Morant",Bruce Beresford,,,,,Australia,1980
774,"Mister Johnson",Bruce Beresford,,,,,United States,1990
775,"A Room with a View",James Ivory,,,,,United Kingdom,1986
776,"Moonrise Kingdom",Wes Anderson,,,,,United States,2012
777,"The Brood",David Cronenberg,,,,,Canada,1979
778,"A Special Day",Ettore Scola,,,,,Italy,1977
779,"Mulholland Dr.",David Lynch,,,,,United States,2001
780,"Code Unknown",Michael Haneke,,,,,France,2000
781,"In Cold Blood",Richard Brooks,,,,,United States,1967
782,"The Apu Trilogy",,,,,,,
783,"Pather Panchali",Satyajit Ray,,,,,India,1955
784,"Aparajito",Satyajit Ray,,,,,India,1956
785,"Apur Sansar",Satyajit Ray,,,,,India,1959
786,"Dont Look Back",D. A. Pennebaker,,,,,United States,1967
787,"Jellyfish Eyes",Takashi Murakami,,,,,Japan,2013
788,"Speedy",Ted Wilde,,,,,United States,1928
789,"Burroughs: The Movie",Howard Brookner,,,,,United States,1983
790,"Lady Snowblood",Toshiya Fujita,,,,,Japan,1973
791,"Lady Snowblood: Love Song of Vengeance",Toshiya Fujita,,,,,Japan,1974
792,"Bitter Rice",Giuseppe De Santis,,,,,Italy,1949
793,"The American Friend",Wim Wenders,,,,,Germany,1977
794,"Inside Llewyn Davis",Joel Coen,Ethan Coen,,,,United States,2013
795,"Gilda",Charles Vidor,,,,,United States,1946
796,"The Emigrants",Jan Troell,,,,,Sweden,1971
797,"The New Land",Jan Troell,,,,,Sweden,1972
798,"Death by Hanging",Nagisa Oshima,,,,,Japan,1968
799,"The Kid",Charles Chaplin,,,,,United States,1921
800,"The Graduate",Mike Nichols,,,,,United States,1967
801,"I Knew Her Well",Antonio Pietrangeli,,,,,Italy,1965
802,"Paris Belongs to Us",Jacques Rivette,,,,,France,1961
803,"The Manchurian Candidate",John Frankenheimer,,,,,United States,1962
804,"A Brighter Summer Day",Edward Yang,,,,,Taiwan,1991
805,"A Poem Is a Naked Person",Les Blank,,,,,United States,1974
806,"Only Angels Have Wings",Howard Hawks,,,,,United States,1939
807,"Barcelona",Whit Stillman,,,,,United States,1994
808,"The Kennedy Films of Robert Drew & Associates",Robert Drew,,,,,United States,
809,"Phoenix",Christian Petzold,,,,,Germany,2014
810,"In a Lonely Place",Nicholas Ray,,,,,United States,1950
811,"The Naked Island",Kaneto Shindo,,,,,Japan,1960
812,"The Player",Robert Altman,,,,,United States,1992
813,"Wim Wenders: The Road Trilogy",,,,,,,
814,"Alice in the Cities",Wim Wenders,,,,,Germany,1974
815,"Wrong Move",Wim Wenders,,,,,Germany,1975
816,"Kings of the Road",Wim Wenders,,,,,Germany,1976
817,"Le amiche",Michelangelo Antonioni,,,,,Italy,1955
818,"La chienne",Jean Renoir,,,,,France,1931
819,"Here Comes Mr. Jordan",Alexander Hall,,,,,United States,1941
820,"Fantastic Planet",René Laloux,,,,,France,1973
821,"Dr. Strangelove, or: How I Learned to Stop Worrying and Love the Bomb",Stanley Kubrick,,,,,United States,1964  
822,"Clouds of Sils Maria",Olivier Assayas,,,,,France,2014  
823,"The In-Laws",Arthur Hiller,,,,,United States,1979  
824,"Muriel, or The Time of Return",Alain Resnais,,,,,France,1963  
825,"A Touch of Zen",King Hu,,,,,Taiwan,1971  
826,"The New World",Terrence Malick,,,,,United States,2005  
827,"McCabe & Mrs. Miller",Robert Altman,,,,,United States,1971  
828,"Ingrid Bergman: In Her Own Words",Stig Björkman,,,,,Sweden,2015  
829,"A Taste of Honey",Tony Richardson,,,,,United Kingdom,1961  
830,"Chimes at Midnight",Orson Welles,,,,,Spain,1966  
831,"The Immortal Story",Orson Welles,,,,,France,1968  
832,"The Story of the Last Chrysanthemum",Kenji Mizoguchi,,,,,Japan,1939  
833,"Cat People",Jacques Tourneur,,,,,United States,1942  
834,"Blood Simple",Joel Coen,,,,,United States,1984  
835,"Valley of the Dolls",Mark Robson,,,,,United States,1967  
836,"Beyond the Valley of the Dolls",Russ Meyer,,,,,United States,1970  
837,"Dekalog",Krzysztof Kieślowski,,,,,Poland,1988  
838,"Pan's Labyrinth",Guillermo del Toro,,,,,Spain,2006  
839,"Boyhood",Richard Linklater,,,,,United States,2014  
840,"The Executioner",Luis García Berlanga,,,,,Spain,1963  
841,"Lone Wolf and Cub",,,,,,Japan,1972  
842,"Akira Kurosawa's Dreams",Akira Kurosawa,,,,,Japan,1990  
843,"Punch-Drunk Love",Paul Thomas Anderson,,,,,United States,2002  
844,"One-Eyed Jacks",Marlon Brando,,,,,United States,1961  
845,"The Squid and the Whale",Noah Baumbach,,,,,United States,2005  
846,"Heart of a Dog",Laurie Anderson,,,,,United States,2015  
847,"The Asphalt Jungle",John Huston,,,,,United States,1950  
848,"Roma",Federico Fellini,,,,,Italy,1972  
849,"His Girl Friday",Howard Hawks,,,,,United States,1940  
850,"Something Wild",Jack Garfein,,,,,United States,1961  
851,"Fox and His Friends",Rainer Werner Fassbinder,,,,,Germany,1975  
852,"Black Girl",Ousmane Sembène,,,,,Senegal,1966  
853,"Cameraperson",Kirsten Johnson,,,,,United States,2016  
854,"The Tree of Wooden Clogs",Ermanno Olmi,,,,,Italy,1978  
855,"Women on the Verge of a Nervous Breakdown",Pedro Almodóvar,,,,,Spain,1988  
856,"The Before Trilogy",,,,,,United States,1995-2013  
857,"Before Sunrise",Richard Linklater,,,,,United States,1995  
858,"Before Sunset",Richard Linklater,,,,,United States,2004  
859,"Before Midnight",Richard Linklater,,,,,United States,2013  
860,"Mildred Pierce",Michael Curtiz,,,,,United States,1945  
861,"45 Years",Andrew Haigh,,,,,United Kingdom,2015  
862,"Canoa: A Shameful Memory",Felipe Cazals,,,,,Mexico,1976  
863,"Multiple Maniacs",John Waters,,,,,United States,1970  
864,"Being There",Hal Ashby,,,,,United States,1979  
865,"Blow-Up",Michelangelo Antonioni,,,,,United Kingdom,1966  
866,"Buena Vista Social Club",Wim Wenders,,,,,United States,1999  
867,"Woman of the Year",George Stevens,,,,,United States,1942  
868,"Tampopo",Juzo Itami,,,,,Japan,1985  
869,"Rumble Fish",Francis Ford Coppola,,,,,United States,1983  
870,"Othello",Orson Welles,,,,,United States,1952  
871,"Dheepan",Jacques Audiard,,,,,France,2015  
872,"Ghost World",Terry Zwigoff,,,,,United States,2001  
873,"Martin Scorsese's World Cinema Project No. 2",,,,,,,
874,"Insiang",Lino Brocka,,,,,Philippines,1976  
875,"Mysterious Object at Noon",Apichatpong Weerasethakul,,,,,Thailand,2000  
876,"Revenge",Ermek Shinarbaev,,,,,Kazakhstan,1989  
877,"Limite",Mário Peixoto,,,,,Brazil,1931  
878,"Law of the Border",Lütfi Ö. Akad,,,,,Turkey,1966  
879,"Taipei Story",Edward Yang,,,,,Taiwan,1985  
880,"They Live by Night",Nicholas Ray,,,,,United States,1948  
881,"The Marseille Trilogy",,,,,,France,1931-1936  
882,"Marius",Alexander Korda,,,,,France,1931  
883,"Fanny",Marc Allégret,,,,,France,1932  
884,"César",Marcel Pagnol,,,,,France,1936  
885,"The Lodger: A Story of the London Fog",Alfred Hitchcock,,,,,United Kingdom,1927  
886,"L'argent",Robert Bresson,,,,,France,1983  
887,"Lost in America",Albert Brooks,,,,,United States,1985  
888,"Stalker",Andrei Tarkovsky,,,,,Soviet Union,1979  
889,"The Breaking Point",Michael Curtiz,,,,,United States,1950  
890,"Meantime",Mike Leigh,,,,,United Kingdom,1984  
891,"La poison",Sacha Guitry,,,,,France,1951  
892,"Festival",Murray Lerner,,,,,United States,1967  
893,"Certain Women",Kelly Reichardt,,,,,United States,2016  
894,"The Piano Teacher",Michael Haneke,,,,,France,2001  
895,"David Lynch: The Art Life",Jon Nguyen,Rick Barnes,Olivia Neergaard-Holm,,,United States,2016  
896,"The Lure",Agnieszka Smoczyńska,,,,,Poland,2015  
897,"Barry Lyndon",Stanley Kubrick,,,,,United States,1975  
898,"Twin Peaks: Fire Walk with Me",David Lynch,,,,,United States,1992  
899,"Personal Shopper",Olivier Assayas,,,,,France,2016  
900,"100 Years of Olympic Films: 1912-2012",,,,,,,
901,"The Philadelphia Story",George Cukor,,,,,United States,1940  
902,"Desert Hearts",Donna Deitch,,,,,United States,1985  
903,"Jabberwocky",Terry Gilliam,,,,,United Kingdom,1977  
904,"Election",Alexander Payne,,,,,United States,1999  
905,"The Breakfast Club",John Hughes,,,,,United States,1985  
906,"I, Daniel Blake",Ken Loach,,,,,United Kingdom,2016  
907,"Westfront 1918",G. W. Pabst,,,,,Germany,1930  
908,"Kameradschaft",G. W. Pabst,,,,,Germany,1931  
909,"Night of the Living Dead",George A. Romero,,,,,United States,1968  
910,"Tom Jones",Tony Richardson,,,,,United Kingdom,1963  
912,"An Actor's Revenge",Kon Ichikawa,,,,,Japan,1963  
913,"The Age of Innocence",Martin Scorsese,,,,,United States,1993  
914,"Baal",Volker Schlöndorff,,,,,West Germany,1970  
915,"King of Jazz",John Murray Anderson,,,,,United States,1930  
916,"Women in Love",Ken Russell,,,,,United Kingdom,1969  
917,"The Awful Truth",Leo McCarey,,,,,United States,1937  
918,"The Color of Pomegranates",Sergei Parajanov,Soviet Union,1969  
919,"Dead Man",Jim Jarmusch,,,,,United States,1995  
920,"The Virgin Suicides",Sofia Coppola,,,,,United States,1999  
921,"Moonrise",Frank Borzage,,,,,United States,1948  
922,"The Other Side of Hope",Aki Kaurismäki,,,,,Finland,2017  
923,"Beyond the Hills",Cristian Mungiu,,,,,Romania,2012  
924,"Graduation",Cristian Mungiu,,,,,Romania,2016  
925,"Midnight Cowboy",John Schlesinger,,,,,United States,1969  
926,"Manila in the Claws of Light",Lino Brocka,,,,,Philippines,1975  
927,"El Sur",Víctor Erice,,,,,Spain,1983  
928,"Bowling for Columbine",Michael Moore,,,,,United States,2002  
929,"Female Trouble",John Waters,,,,,United States,1974  
930,"Dietrich & von Sternberg in Hollywood",,,,,,, 
931,"Morocco",Josef von Sternberg,,,,,United States,1930  
932,"Dishonored",Josef von Sternberg,,,,,United States,1931  
933,"Shanghai Express",Josef von Sternberg,,,,,United States,1932  
934,"Blonde Venus",Josef von Sternberg,,,,,United States,1932  
935,"The Devil Is a Woman",Josef von Sternberg,,,,,United States,1935  
936,"Bull Durham",Ron Shelton,,,,,United States,1988  
937,"Dragon Inn",King Hu,,,,,Taiwan,1967  
938,"sex, lies, and videotape",Steven Soderbergh,,,,,United States,1989  
939,"A Matter of Life and Death",Michael Powell,Emeric Pressburger,,,,United Kingdom,1946  
940,"The Ballad of Gregorio Cortez",Robert M. Young,,,,,United States,1982  
941,"Smithereens",Susan Seidelman,,,,,United States,1982  
942,"The Tree of Life",Terrence Malick,,,,,United States,2011  
943,"Memories of Underdevelopment",Tomás Gutiérrez Alea,,,,,Cuba,1968  
944,"Cold Water",Olivier Assayas,,,,,France,1994  
945,"A Raisin in the Sun",Daniel Petrie,,,,,United States,1961  
946,"Eight Hours Don't Make a Day",Rainer Werner Fassbinder,,,,,Germany,1972  
947,"Shampoo",Hal Ashby,,,,,United States,1975  
948,"The Princess Bride",Rob Reiner,,,,,United States,1987  
949,"A Story from Chikamatsu",Kenji Mizoguchi,,,,,Japan,1954  
950,"Some Like It Hot",Billy Wilder,,,,,United States,1959  
