"Pos","2025","Title","Director","Year","Country","Mins"
"1","1","Citizen Kane","Welles, Orson","1941","USA","119"
"2","2","Vertigo","Hitchcock, Alfred","1958","USA","128"
"3","3","2001: A Space Odyssey","Kubrick, Stanley","1968","UK","139"
"4","4","Tokyo Story","Ozu, Yasujiro","1953","Japan","134"
"5","5","Rules of the Game, The","Renoir, Jean","1939","France","113"
"6","6","Godfather, The","Coppola, Francis Ford","1972","USA","175"
"7","7","8½","Fellini, Federico","1963","Italy","135"
"8","8","Sunrise: A Song of Two Humans","Murnau, F.W.","1927","USA","110"
"9","9","Searchers, The","Ford, John","1956","USA","119"
"10","10","Seven Samurai","Kurosawa, Akira","1954","Japan","200"
"11","11","Singin' in the Rain","Donen, Stanley & Gene Kelly","1952","USA","102"
"12","12","Jeanne Dielman, 23 quai du Commerce, 1080 Bruxelles","Akerman, Chantal","1975","Belgium","201"
"13","13","Apocalypse Now","Coppola, Francis Ford","1979","USA","150"
"14","15","Taxi Driver","Scorsese, Martin","1976","USA","113"
"15","14","Bicycle Thieves","De Sica, Vittorio","1948","Italy","89"
"16","16","Persona","Bergman, Ingmar","1966","Sweden","83"
"17","17","In the Mood for Love","Wong Kar-wai","2000","Hong Kong","97"
"18","18","Breathless","Godard, Jean-Luc","1960","France","89"
"19","19","Passion of Joan of Arc, The","Dreyer, Carl Theodor","1928","France","110"
"20","21","Battleship Potemkin","Eisenstein, Sergei","1925","USSR","71"
"21","20","Atalante, L'","Vigo, Jean","1934","France","89"
"22","22","Man with a Movie Camera","Vertov, Dziga","1929","USSR","80"
"23","23","Mirror","Tarkovsky, Andrei","1975","USSR","107"
"24","26","Psycho","Hitchcock, Alfred","1960","USA","109"
"25","24","Rashomon","Kurosawa, Akira","1950","Japan","88"
"26","25","City Lights","Chaplin, Charles","1931","USA","86"
"27","27","400 Blows, The","Truffaut, François","1959","France","99"
"28","28","Andrei Rublev","Tarkovsky, Andrei","1966","USSR","185"
"29","30","Mulholland Dr.","Lynch, David","2001","USA","147"
"30","33","Godfather Part II, The","Coppola, Francis Ford","1974","USA","200"
"31","31","Some Like it Hot","Wilder, Billy","1959","USA","121"
"32","29","Au hasard Balthazar","Bresson, Robert","1966","France","95"
"33","34","Dolce vita, La","Fellini, Federico","1960","Italy","175"
"34","32","Ordet","Dreyer, Carl Theodor","1955","Denmark","125"
"35","35","Raging Bull","Scorsese, Martin","1980","USA","129"
"36","36","Night of the Hunter, The","Laughton, Charles","1955","USA","92"
"37","38","Casablanca","Curtiz, Michael","1942","USA","102"
"38","37","Avventura, L'","Antonioni, Michelangelo","1960","Italy","143"
"39","39","Blade Runner","Scott, Ridley","1982","USA","118"
"40","40","Rear Window","Hitchcock, Alfred","1954","USA","112"
"41","43","Sunset Blvd.","Wilder, Billy","1950","USA","110"
"42","41","Touch of Evil","Welles, Orson","1958","USA","108"
"43","44","Barry Lyndon","Kubrick, Stanley","1975","UK","183"
"44","45","Contempt","Godard, Jean-Luc","1963","France","103"
"45","42","Playtime","Tati, Jacques","1967","France","108"
"46","46","Pather Panchali","Ray, Satyajit","1955","India","112"
"47","47","Close-Up","Kiarostami, Abbas","1990","Iran","98"
"48","49","Lawrence of Arabia","Lean, David","1962","UK","216"
"49","48","Stalker","Tarkovsky, Andrei","1979","USSR","160"
"50","50","General, The","Keaton, Buster & Clyde Bruckman","1926","USA","74"
"51","51","Modern Times","Chaplin, Charles","1936","USA","89"
"52","52","Beau travail","Denis, Claire","1999","France","92"
"53","55","M","Lang, Fritz","1931","Germany","99"
"54","54","Third Man, The","Reed, Carol","1949","UK","104"
"55","56","Late Spring","Ozu, Yasujiro","1949","Japan","108"
"56","53","Apartment, The","Wilder, Billy","1960","USA","125"
"57","57","North by Northwest","Hitchcock, Alfred","1959","USA","136"
"58","58","Ugetsu monogatari","Mizoguchi, Kenji","1953","Japan","96"
"59","60","GoodFellas","Scorsese, Martin","1990","USA","146"
"60","59","Battle of Algiers, The","Pontecorvo, Gillo","1966","Italy","121"
"61","61","Grande illusion, La","Renoir, Jean","1937","France","117"
"62","62","Wild Strawberries","Bergman, Ingmar","1957","Sweden","90"
"63","63","Rio Bravo","Hawks, Howard","1959","USA","141"
"64","64","Fanny and Alexander","Bergman, Ingmar","1982","Sweden","189"
"65","66","Dr. Strangelove or: How I Learned to Stop Worrying and Love the Bomb","Kubrick, Stanley","1964","UK","93"
"66","65","Shoah","Lanzmann, Claude","1985","France","566"
"67","67","Once Upon a Time in the West","Leone, Sergio","1968","Italy","165"
"68","70","Chinatown","Polanski, Roman","1974","USA","131"
"69","69","Journey to Italy","Rossellini, Roberto","1954","Italy","97"
"70","68","Pierrot le fou","Godard, Jean-Luc","1965","France","110"
"71","71","Do the Right Thing","Lee, Spike","1989","USA","120"
"72","72","Metropolis","Lang, Fritz","1927","Germany","153"
"73","73","Woman Under the Influence, A","Cassavetes, John","1974","USA","155"
"74","76","Enfants du paradis, Les","Carné, Marcel","1945","France","195"
"75","74","Strada, La","Fellini, Federico","1954","Italy","115"
"76","75","Leopard, The","Visconti, Luchino","1963","Italy","186"
"77","77","Amarcord","Fellini, Federico","1973","Italy","127"
"78","82","It's a Wonderful Life","Capra, Frank","1946","USA","129"
"79","79","Wild Bunch, The","Peckinpah, Sam","1969","USA","135"
"80","78","Pulp Fiction","Tarantino, Quentin","1994","USA","154"
"81","80","Viridiana","Buñuel, Luis","1961","Spain","90"
"82","91","Jaws","Spielberg, Steven","1975","USA","124"
"83","86","Shining, The","Kubrick, Stanley","1980","USA","142"
"84","81","Man Escaped, A","Bresson, Robert","1956","France","102"
"85","90","Blue Velvet","Lynch, David","1986","USA","120"
"86","85","Sansho the Bailiff","Mizoguchi, Kenji","1954","Japan","125"
"87","87","Conformist, The","Bertolucci, Bernardo","1970","Italy","107"
"88","84","Seventh Seal, The","Bergman, Ingmar","1957","Sweden","96"
"89","83","Man Who Shot Liberty Valance, The","Ford, John","1962","USA","119"
"90","92","Nashville","Altman, Robert","1975","USA","160"
"91","89","Magnificent Ambersons, The","Welles, Orson","1942","USA","88"
"92","88","Pickpocket","Bresson, Robert","1959","France","75"
"93","93","Gold Rush, The","Chaplin, Charles","1925","USA","82"
"94","95","Jetée, La","Marker, Chris","1962","France","27"
"95","94","Gertrud","Dreyer, Carl Theodor","1964","Denmark","116"
"96","96","Sans soleil","Marker, Chris","1983","France","100"
"97","97","Cléo from 5 to 7","Varda, Agnès","1962","France","90"
"98","99","Jules et Jim","Truffaut, François","1962","France","104"
"99","98","To Be or Not to Be","Lubitsch, Ernst","1942","USA","99"
"100","100","Meshes of the Afternoon","Deren, Maya & Alexander Hammid","1943","USA","15"
"101","101","Mother and the Whore, The","Eustache, Jean","1973","France","210"
"102","102","Sátántangó","Tarr, Béla","1994","Hungary","439"
"103","104","Madame de...","Ophüls, Max","1953","France","105"
"104","103","Sherlock Jr.","Keaton, Buster","1924","USA","45"
"105","105","Clockwork Orange, A","Kubrick, Stanley","1971","UK","137"
"106","106","Ikiru","Kurosawa, Akira","1952","Japan","143"
"107","107","Ali: Fear Eats the Soul","Fassbinder, Rainer Werner","1974","West Germany","94"
"108","108","Aguirre, the Wrath of God","Herzog, Werner","1972","West Germany","94"
"109","110","Come and See","Klimov, Elem","1985","USSR","142"
"110","109","Annie Hall","Allen, Woody","1977","USA","93"
"111","112","Spirit of the Beehive, The","Erice, Víctor","1973","Spain","95"
"112","111","Last Year at Marienbad","Resnais, Alain","1961","France","94"
"113","113","Once Upon a Time in America","Leone, Sergio","1984","Italy","229"
"114","114","Greed","von Stroheim, Erich","1924","USA","140"
"115","117","Wizard of Oz, The","Fleming, Victor","1939","USA","101"
"116","115","Piano, The","Campion, Jane","1993","New Zealand","121"
"117","116","Brighter Summer Day, A","Yang, Edward","1991","Taiwan","237"
"118","118","Yi Yi","Yang, Edward","2000","Taiwan","173"
"119","119","Don't Look Now","Roeg, Nicolas","1973","UK","110"
"120","120","Hiroshima mon amour","Resnais, Alain","1959","France","91"
"121","121","Red Shoes, The","Powell, Michael & Emeric Pressburger","1948","UK","133"
"122","128","Alien","Scott, Ridley","1979","USA","117"
"123","132","E.T. The Extra-Terrestrial","Spielberg, Steven","1982","USA","115"
"124","123","Bringing Up Baby","Hawks, Howard","1938","USA","102"
"125","122","Blow-Up","Antonioni, Michelangelo","1966","UK","111"
"126","126","Day in the Country, A","Renoir, Jean","1936","France","40"
"127","127","Notorious","Hitchcock, Alfred","1946","USA","101"
"128","129","Vivre sa vie","Godard, Jean-Luc","1962","France","85"
"129","125","Intolerance","Griffith, D.W.","1916","USA","178"
"130","124","Eclisse, L'","Antonioni, Michelangelo","1962","Italy","126"
"131","137","Spirited Away","Miyazaki, Hayao","2001","Japan","124"
"132","131","Matter of Life and Death, A","Powell, Michael & Emeric Pressburger","1946","UK","104"
"133","130","Letter from an Unknown Woman","Ophüls, Max","1948","USA","90"
"134","134","All About Eve","Mankiewicz, Joseph L.","1950","USA","138"
"135","135","Olvidados, Los","Buñuel, Luis","1950","Mexico","88"
"136","133","Exterminating Angel, The","Buñuel, Luis","1962","Mexico","95"
"137","152","Star Wars","Lucas, George","1977","USA","121"
"138","136","Imitation of Life","Sirk, Douglas","1959","USA","124"
"139","141","His Girl Friday","Hawks, Howard","1940","USA","92"
"140","138","Histoire(s) du cinéma","Godard, Jean-Luc","1988-98","France","267"
"141","140","Gone with the Wind","Fleming, Victor","1939","USA","222"
"142","146","Nosferatu","Murnau, F.W.","1922","Germany","84"
"143","153","There Will Be Blood","Anderson, Paul Thomas","2007","USA","158"
"144","139","My Darling Clementine","Ford, John","1946","USA","97"
"145","142","Rome, Open City","Rossellini, Roberto","1945","Italy","105"
"146","145","Daisies","Chytilová, Věra","1966","Czechoslovakia","76"
"147","151","Wanda","Loden, Barbara","1970","USA","105"
"148","143","Céline and Julie Go Boating","Rivette, Jacques","1974","France","192"
"149","144","Gospel According to St. Matthew, The","Pasolini, Pier Paolo","1964","Italy","135"
"150","147","One Flew Over the Cuckoo's Nest","Forman, Milos","1975","USA","133"
"151","148","Umbrellas of Cherbourg, The","Demy, Jacques","1964","France","91"
"152","150","Conversation, The","Coppola, Francis Ford","1974","USA","113"
"153","149","Killer of Sheep","Burnett, Charles","1977","USA","83"
"154","155","Chien andalou, Un","Buñuel, Luis","1928","France","16"
"155","157","Days of Heaven","Malick, Terrence","1978","USA","95"
"156","154","Good, the Bad and the Ugly, The","Leone, Sergio","1966","Italy","161"
"157","163","Double Indemnity","Wilder, Billy","1944","USA","106"
"158","158","Trouble in Paradise","Lubitsch, Ernst","1932","USA","83"
"159","168","Deer Hunter, The","Cimino, Michael","1978","USA","183"
"160","156","Argent, L'","Bresson, Robert","1983","France","90"
"161","159","Chungking Express","Wong Kar-wai","1994","Hong Kong","104"
"162","161","My Neighbour Totoro","Miyazaki, Hayao","1988","Japan","86"
"163","160","Cries and Whispers","Bergman, Ingmar","1972","Sweden","106"
"164","164","Tropical Malady","Weerasethakul, Apichatpong","2004","Thailand","118"
"165","162","Manhattan","Allen, Woody","1979","USA","96"
"166","172","Rosemary's Baby","Polanski, Roman","1968","USA","136"
"167","166","Passenger, The","Antonioni, Michelangelo","1975","Italy","126"
"168","165","Badlands","Malick, Terrence","1973","USA","95"
"169","167","Âge d'or, L'","Buñuel, Luis","1930","France","63"
"170","170","Texas Chain Saw Massacre, The","Hooper, Tobe","1974","USA","83"
"171","169","Dekalog","Kieslowski, Krzysztof","1989","Poland","550"
"172","176","Discreet Charm of the Bourgeoisie, The","Buñuel, Luis","1972","France","102"
"173","182","Portrait of a Lady on Fire","Sciamma, Céline","2019","France","121"
"174","200","Raiders of the Lost Ark","Spielberg, Steven","1981","USA","115"
"175","171","Only Angels Have Wings","Hawks, Howard","1939","USA","121"
"176","173","Stagecoach","Ford, John","1939","USA","96"
"177","177","Brief Encounter","Lean, David","1945","UK","85"
"178","174","Touki Bouki","Diop Mambéty, Djibril","1973","Senegal","85"
"179","175","Duck Soup","McCarey, Leo","1933","USA","70"
"180","204","Close Encounters of the Third Kind","Spielberg, Steven","1977","USA","135"
"181","179","Birds, The","Hitchcock, Alfred","1963","USA","119"
"182","183","Johnny Guitar","Ray, Nicholas","1954","USA","110"
"183","178","Ran","Kurosawa, Akira","1985","France","161"
"184","185","Mouchette","Bresson, Robert","1967","France","80"
"185","180","Colour of Pomegranates, The","Parajanov, Sergei","1969","USSR","80"
"186","181","Earth","Dovzhenko, Alexander","1930","USSR","75"
"187","190","Vampyr","Dreyer, Carl Theodor","1932","Germany","73"
"188","188","Napoléon","Gance, Abel","1927","France","235"
"189","187","Out of the Past","Tourneur, Jacques","1947","USA","97"
"190","196","Paris, Texas","Wenders, Wim","1984","West Germany","150"
"191","184","River, The","Renoir, Jean","1951","France","99"
"192","193","Tree of Life, The","Malick, Terrence","2011","USA","139"
"193","186","Chimes at Midnight","Welles, Orson","1965","Switzerland","115"
"194","194","Black Narcissus","Powell, Michael & Emeric Pressburger","1947","UK","99"
"195","199","Gleaners & I, The","Varda, Agnès","2000","France","82"
"196","189","Notte, La","Antonioni, Michelangelo","1961","Italy","122"
"197","197","Paisan","Rossellini, Roberto","1946","Italy","120"
"198","205","King Kong","Cooper, Merian C. & Ernest B. Schoedsack","1933","USA","103"
"199","191","Nights of Cabiria","Fellini, Federico","1957","Italy","110"
"200","192","Rocco and His Brothers","Visconti, Luchino","1960","Italy","180"
"201","195","Spring in a Small Town","Fei Mu","1948","China","98"
"202","201","Salò, or the 120 Days of Sodom","Pasolini, Pier Paolo","1975","Italy","117"
"203","198","Lady Eve, The","Sturges, Preston","1941","USA","94"
"204","203","On the Waterfront","Kazan, Elia","1954","USA","108"
"205","206","Last Laugh, The","Murnau, F.W.","1924","Germany","77"
"206","202","City of Sadness, A","Hou Hsiao-hsien","1989","Taiwan","157"
"207","208","News from Home","Akerman, Chantal","1976","Belgium","85"
"208","211","Thing, The","Carpenter, John","1982","USA","108"
"209","207","Vagabond","Varda, Agnès","1985","France","105"
"210","210","Great Dictator, The","Chaplin, Charles","1940","USA","128"
"211","218","Magnolia","Anderson, Paul Thomas","1999","USA","188"
"212","209","Death in Venice","Visconti, Luchino","1971","Italy","130"
"213","213","Wings of Desire","Wenders, Wim","1987","West Germany","130"
"214","212","Life and Death of Colonel Blimp, The","Powell, Michael & Emeric Pressburger","1943","UK","163"
"215","216","Moonlight","Jenkins, Barry","2016","USA","111"
"216","217","Breaking the Waves","von Trier, Lars","1996","Denmark","156"
"217","214","Solaris","Tarkovsky, Andrei","1972","USSR","165"
"218","221","Quiet Man, The","Ford, John","1952","USA","129"
"219","215","Wavelength","Snow, Michael","1967","Canada","45"
"220","225","Brazil","Gilliam, Terry","1985","UK","131"
"221","220","Samouraï, Le","Melville, Jean-Pierre","1967","France","101"
"222","222","Kes","Loach, Ken","1969","UK","113"
"223","219","Zero for Conduct","Vigo, Jean","1933","France","41"
"224","224","Umberto D.","De Sica, Vittorio","1952","Italy","89"
"225","227","Where is the Friend's House?","Kiarostami, Abbas","1987","Iran","85"
"226","223","Grapes of Wrath, The","Ford, John","1940","USA","129"
"227","250","Big Lebowski, The","Coen, Joel & Ethan Coen","1998","USA","113"
"228","254","Eternal Sunshine of the Spotless Mind","Gondry, Michel","2004","USA","108"
"229","239","Best Years of Our Lives, The","Wyler, William","1946","USA","172"
"230","226","Life of Oharu, The","Mizoguchi, Kenji","1952","Japan","146"
"231","235","Parasite","Bong Joon-ho","2019","South Korea","132"
"232","228","Sullivan's Travels","Sturges, Preston","1941","USA","91"
"233","279","Back to the Future","Zemeckis, Robert","1985","USA","116"
"234","238","Matrix, The","Wachowski, Lana & Lilly Wachowski","1999","USA","136"
"235","237","McCabe & Mrs. Miller","Altman, Robert","1971","USA","121"
"236","230","Travelling Players, The","Angelopoulos, Theo","1975","Greece","230"
"237","231","Black God, White Devil","Rocha, Glauber","1964","Brazil","110"
"238","229","Love Streams","Cassavetes, John","1984","USA","141"
"239","233","House is Black, The","Farrokhzad, Forugh","1963","Iran","20"
"240","232","Germany, Year Zero","Rossellini, Roberto","1948","Italy","74"
"241","241","Crowd, The","Vidor, King","1928","USA","104"
"242","234","Ashes and Diamonds","Wajda, Andrzej","1958","Poland","103"
"243","236","Red Desert","Antonioni, Michelangelo","1964","Italy","117"
"244","243","Memories of Underdevelopment","Gutiérrez Alea, Tomás","1968","Cuba","97"
"245","246","Eraserhead","Lynch, David","1977","USA","89"
"246","242","Ivan the Terrible, Part II","Eisenstein, Sergei","1946","USSR","88"
"247","248","In a Lonely Place","Ray, Nicholas","1950","USA","91"
"248","249","Band Wagon, The","Minnelli, Vincente","1953","USA","112"
"249","260","Graduate, The","Nichols, Mike","1967","USA","106"
"250","247","Ivan the Terrible, Part I","Eisenstein, Sergei","1944","USSR","96"
"251","251","Schindler's List","Spielberg, Steven","1993","USA","195"
"252","245","Caché","Haneke, Michael","2005","France","117"
"253","240","Autumn Afternoon, An","Ozu, Yasujiro","1962","Japan","115"
"254","244","Performance","Roeg, Nicolas & Donald Cammell","1970","UK","105"
"255","270","Exorcist, The","Friedkin, William","1973","USA","122"
"256","268","Heat","Mann, Michael","1995","USA","174"
"257","253","Meet Me in St. Louis","Minnelli, Vincente","1944","USA","113"
"258","252","Thin Red Line, The","Malick, Terrence","1998","USA","170"
"259","256","Cinema Paradiso","Tornatore, Giuseppe","1988","Italy","155"
"260","258","Daughters of the Dust","Dash, Julie","1991","USA","112"
"261","262","Belle de jour","Buñuel, Luis","1967","France","100"
"262","257","Green Ray, The","Rohmer, Eric","1986","France","99"
"263","264","Eyes Wide Shut","Kubrick, Stanley","1999","USA","159"
"264","259","Verdugo, El","García Berlanga, Luis","1963","Spain","90"
"265","271","Fargo","Coen, Joel & Ethan Coen","1996","USA","98"
"266","255","Diary of a Country Priest","Bresson, Robert","1951","France","120"
"267","267","Uncle Boonmee Who Can Recall His Past Lives","Weerasethakul, Apichatpong","2010","Thailand","114"
"268","273","Treasure of the Sierra Madre, The","Huston, John","1948","USA","124"
"269","274","F for Fake","Welles, Orson","1973","France","89"
"270","263","Cabinet of Dr. Caligari, The","Wiene, Robert","1920","Germany","75"
"271","265","Red River","Hawks, Howard","1948","USA","133"
"272","261","Tabu","Murnau, F.W.","1931","USA","82"
"273","269","Night and Fog","Resnais, Alain","1955","France","32"
"274","282","Ciénaga, La","Martel, Lucrecia","2001","Argentina","103"
"275","266","Three Colours: Blue","Kieslowski, Krzysztof","1993","France","100"
"276","275","Kind Hearts and Coronets","Hamer, Robert","1949","UK","106"
"277","278","Sweet Smell of Success","Mackendrick, Alexander","1957","USA","96"
"278","276","Taste of Cherry","Kiarostami, Abbas","1997","Iran","99"
"279","287","Day of Wrath","Dreyer, Carl Theodor","1943","Denmark","110"
"280","277","My Night at Maud's","Rohmer, Eric","1969","France","105"
"281","272","Black Girl","Sembene, Ousmane","1966","Senegal","65"
"282","301","All That Jazz","Fosse, Bob","1979","USA","123"
"283","285","Groundhog Day","Ramis, Harold","1993","USA","103"
"284","281","Shop Around the Corner, The","Lubitsch, Ernst","1940","USA","97"
"285","283","Paths of Glory","Kubrick, Stanley","1957","USA","86"
"286","290","Ascent, The","Shepitko, Larisa","1977","USSR","111"
"287","280","Story of the Last Chrysanthemums, The","Mizoguchi, Kenji","1939","Japan","148"
"288","284","Goodbye, Dragon Inn","Tsai Ming-liang","2003","Taiwan","82"
"289","289","Pandora's Box","Pabst, G.W.","1929","Germany","133"
"290","294","India Song","Duras, Marguerite","1975","France","120"
"291","292","Army of Shadows","Melville, Jean-Pierre","1969","France","140"
"292","286","Throne of Blood","Kurosawa, Akira","1957","Japan","110"
"293","288","2 or 3 Things I Know About Her","Godard, Jean-Luc","1967","France","87"
"294","293","All That Heaven Allows","Sirk, Douglas","1955","USA","89"
"295","291","Sacrifice, The","Tarkovsky, Andrei","1986","France","145"
"296","298","Cabaret","Fosse, Bob","1972","USA","128"
"297","296","All About My Mother","Almodóvar, Pedro","1999","Spain","101"
"298","295","Three Colours: Red","Kieslowski, Krzysztof","1994","France","99"
"299","313","City of God","Meirelles, Fernando & Kátia Lund","2002","Brazil","129"
"300","300","Unforgiven","Eastwood, Clint","1992","USA","127"
"301","297","Big Sleep, The","Hawks, Howard","1946","USA","114"
"302","303","Mean Streets","Scorsese, Martin","1973","USA","110"
"303","302","Distant Voices, Still Lives","Davies, Terence","1988","UK","85"
"304","299","Happy Together","Wong Kar-wai","1997","Hong Kong","97"
"305","326","Empire Strikes Back, The","Kershner, Irvin","1980","USA","124"
"306","308","Maltese Falcon, The","Huston, John","1941","USA","100"
"307","314","Werckmeister Harmonies","Tarr, Béla","2000","Hungary","145"
"308","305","Terra em Transe","Rocha, Glauber","1967","Brazil","106"
"309","307","Music Room, The","Ray, Satyajit","1958","India","95"
"310","306","Mr. Hulot's Holiday","Tati, Jacques","1953","France","86"
"311","317","Separation, A","Farhadi, Asghar","2011","Iran","123"
"312","304","Floating Clouds","Naruse, Mikio","1955","Japan","123"
"313","322","Freaks","Browning, Tod","1932","USA","64"
"314","342","Midnight Cowboy","Schlesinger, John","1969","USA","113"
"315","309","Charulata","Ray, Satyajit","1964","India","117"
"316","316","Nanook of the North","Flaherty, Robert J.","1922","USA","79"
"317","310","World of Apu, The","Ray, Satyajit","1959","India","103"
"318","312","Faces","Cassavetes, John","1968","USA","130"
"319","311","Melancholia","von Trier, Lars","2011","Denmark","136"
"320","332","Amadeus","Forman, Milos","1984","USA","158"
"321","327","High and Low","Kurosawa, Akira","1963","Japan","142"
"322","340","King of Comedy, The","Scorsese, Martin","1982","USA","109"
"323","321","In the Realm of the Senses","Oshima, Nagisa","1976","Japan","109"
"324","319","Videodrome","Cronenberg, David","1983","Canada","90"
"325","315","I Am Cuba","Kalatozov, Mikhail","1964","Cuba","141"
"326","318","Monsieur Verdoux","Chaplin, Charles","1947","USA","123"
"327","372","Harold and Maude","Ashby, Hal","1971","USA","91"
"328","330","Husbands","Cassavetes, John","1970","USA","138"
"329","328","Lola Montès","Ophüls, Max","1955","France","116"
"330","335","Pyaasa","Dutt, Guru","1957","India","146"
"331","320","Kings of the Road","Wenders, Wim","1976","West Germany","175"
"332","324","Belle et la bête, La","Cocteau, Jean","1946","France","95"
"333","325","Philadelphia Story, The","Cukor, George","1940","USA","112"
"334","351","Dog Day Afternoon","Lumet, Sidney","1975","USA","125"
"335","323","Berlin Alexanderplatz [TV]","Fassbinder, Rainer Werner","1980","West Germany","931"
"336","331","Canterbury Tale, A","Powell, Michael & Emeric Pressburger","1944","UK","124"
"337","334","Kid, The","Chaplin, Charles","1921","USA","60"
"338","329","Young Girls of Rochefort, The","Demy, Jacques","1967","France","124"
"339","348","West Side Story","Wise, Robert & Jerome Robbins","1961","USA","151"
"340","341","Wages of Fear, The","Clouzot, Henri-Georges","1953","France","105"
"341","350","Mad Max: Fury Road","Miller, George","2015","Australia","120"
"342","339","Tie Xi Qu: West of the Tracks","Wang Bing","2002","China","551"
"343","333","Bonnie and Clyde","Penn, Arthur","1967","USA","111"
"344","359","Some Came Running","Minnelli, Vincente","1958","USA","136"
"345","352","Get Out","Peele, Jordan","2017","USA","104"
"346","337","Time to Live and the Time to Die, The","Hou Hsiao-hsien","1985","Taiwan","137"
"347","338","Broken Blossoms","Griffith, D.W.","1919","USA","90"
"348","346","Kiss Me Deadly","Aldrich, Robert","1955","USA","106"
"349","336","Underground","Kusturica, Emir","1995","Yugoslavia","167"
"350","360","Tree of Wooden Clogs, The","Olmi, Ermanno","1978","Italy","185"
"351","347","Double Life of Véronique, The","Kieslowski, Krzysztof","1991","France","97"
"352","385","Aliens","Cameron, James","1986","USA","137"
"353","357","Last Picture Show, The","Bogdanovich, Peter","1971","USA","118"
"354","361","It Happened One Night","Capra, Frank","1934","USA","105"
"355","386","Elephant Man, The","Lynch, David","1980","USA","125"
"356","345","Weekend","Godard, Jean-Luc","1967","France","105"
"357","396","Opening Night","Cassavetes, John","1977","USA","144"
"358","344","Cranes Are Flying, The","Kalatozov, Mikhail","1957","USSR","95"
"359","343","Touch of Zen, A","Hu, King","1971","Taiwan","180"
"360","354","Puppetmaster, The","Hou Hsiao-hsien","1993","Taiwan","141"
"361","349","Cloud-Capped Star, The","Ghatak, Ritwik","1960","India","126"
"362","369","Silence of the Lambs, The","Demme, Jonathan","1991","USA","118"
"363","353","Night of the Living Dead","Romero, George A.","1968","USA","96"
"364","363","Last Tango in Paris","Bertolucci, Bernardo","1972","Italy","129"
"365","383","Turin Horse, The","Tarr, Béla","2011","Hungary","155"
"366","358","How Green Was My Valley","Ford, John","1941","USA","118"
"367","378","Written on the Wind","Sirk, Douglas","1956","USA","99"
"368","355","El","Buñuel, Luis","1953","Mexico","91"
"369","384","Safe","Haynes, Todd","1995","USA","119"
"370","374","Peeping Tom","Powell, Michael","1960","UK","101"
"371","415","All the President's Men","Pakula, Alan J.","1976","USA","138"
"372","356","Out 1","Rivette, Jacques","1971","France","729"
"373","364","Quince Tree Sun, The","Erice, Víctor","1992","Spain","133"
"374","362","Make Way for Tomorrow","McCarey, Leo","1937","USA","92"
"375","365","Heaven's Gate","Cimino, Michael","1980","USA","219"
"376","387","Killing of a Chinese Bookie, The","Cassavetes, John","1976","USA","109"
"377","371","Yojimbo","Kurosawa, Akira","1961","Japan","110"
"378","366","Muriel","Resnais, Alain","1963","France","115"
"379","375","Fitzcarraldo","Herzog, Werner","1982","West Germany","157"
"380","368","Through the Olive Trees","Kiarostami, Abbas","1994","Iran","103"
"381","367","Marnie","Hitchcock, Alfred","1964","USA","130"
"382","388","This is Spinal Tap","Reiner, Rob","1984","USA","82"
"383","382","White Ribbon, The","Haneke, Michael","2009","Germany","144"
"384","381","Two-Lane Blacktop","Hellman, Monte","1971","USA","101"
"385","380","Stromboli","Rossellini, Roberto","1950","Italy","107"
"386","370","Affair to Remember, An","McCarey, Leo","1957","USA","115"
"387","373","Teorema","Pasolini, Pier Paolo","1968","Italy","98"
"388","376","Lost Highway","Lynch, David","1997","USA","134"
"389","379","I Was Born, But...","Ozu, Yasujiro","1932","Japan","100"
"390","377","Stranger Than Paradise","Jarmusch, Jim","1984","USA","89"
"391","394","Dogville","von Trier, Lars","2003","Denmark","177"
"392","390","Under the Skin","Glazer, Jonathan","2013","UK","108"
"393","391","Tristana","Buñuel, Luis","1970","Spain","98"
"394","392","Hour of the Furnaces, The","Getino, Octavio & Fernando E. Solanas","1968","Argentina","260"
"395","401","Woman in the Dunes","Teshigahara, Hiroshi","1964","Japan","147"
"396","393","Mon oncle","Tati, Jacques","1958","France","126"
"397","399","Day for Night","Truffaut, François","1973","France","120"
"398","428","Long Goodbye, The","Altman, Robert","1973","USA","112"
"399","398","In a Year with 13 Moons","Fassbinder, Rainer Werner","1978","West Germany","129"
"400","389","Nostalghia","Tarkovsky, Andrei","1983","Italy","120"
"401","397","Limite","Peixoto, Mario","1931","Brazil","114"
"402","403","Thin Blue Line, The","Morris, Errol","1988","USA","101"
"403","395","Orlando","Potter, Sally","1992","UK","94"
"404","418","Fantasia","Various Directors","1940","USA","120"
"405","400","Flowers of St. Francis, The","Rossellini, Roberto","1950","Italy","83"
"406","411","Eyes Without a Face","Franju, Georges","1960","France","88"
"407","408","Tenant, The","Polanski, Roman","1976","France","126"
"408","409","Birth of a Nation, The","Griffith, D.W.","1915","USA","187"
"409","414","Dawn of the Dead","Romero, George A.","1978","USA","126"
"410","407","Crimes and Misdemeanors","Allen, Woody","1989","USA","104"
"411","404","Headless Woman, The","Martel, Lucrecia","2008","Argentina","87"
"412","406","Suspiria","Argento, Dario","1977","Italy","92"
"413","405","I Know Where I'm Going!","Powell, Michael & Emeric Pressburger","1945","UK","92"
"414","402","1900","Bertolucci, Bernardo","1976","Italy","245"
"415","413","Lost in Translation","Coppola, Sofia","2003","USA","102"
"416","450","Toni Erdmann","Ade, Maren","2016","Germany","162"
"417","410","Orpheus","Cocteau, Jean","1950","France","95"
"418","416","Snow White and the Seven Dwarfs","Hand, David","1937","USA","83"
"419","412","Miracle in Milan","De Sica, Vittorio","1951","Italy","95"
"420","417","Splendor in the Grass","Kazan, Elia","1961","USA","124"
"421","421","Plaisir, Le","Ophüls, Max","1952","France","97"
"422","431","Twenty Years Later","Coutinho, Eduardo","1984","Brazil","119"
"423","447","Innocents, The","Clayton, Jack","1961","UK","100"
"424","423","Europa '51","Rossellini, Roberto","1952","Italy","113"
"425","442","Network","Lumet, Sidney","1976","USA","121"
"426","427","Bonheur, Le","Varda, Agnès","1965","France","79"
"427","420","Scenes from a Marriage","Bergman, Ingmar","1973","Sweden","168"
"428","432","Holy Motors","Carax, Leos","2012","France","115"
"429","419","Awful Truth, The","McCarey, Leo","1937","USA","92"
"430","429","Angel at My Table, An","Campion, Jane","1990","New Zealand","158"
"431","422","Chelsea Girls","Warhol, Andy","1966","USA","210"
"432","425","Bride of Frankenstein","Whale, James","1935","USA","75"
"433","466","A.I. Artificial Intelligence","Spielberg, Steven","2001","USA","145"
"434","424","Salvatore Giuliano","Rosi, Francesco","1962","Italy","125"
"435","436","Days of Being Wild","Wong Kar-wai","1990","Hong Kong","94"
"436","430","Possession","Żuławski, Andrzej","1981","France","124"
"437","439","Casino","Scorsese, Martin","1995","USA","182"
"438","445","Naked","Leigh, Mike","1993","UK","126"
"439","498","No Country for Old Men","Coen, Joel & Ethan Coen","2007","USA","122"
"440","476","Phantom Thread","Anderson, Paul Thomas","2017","USA","130"
"441","426","If….","Anderson, Lindsay","1968","UK","112"
"442","437","Star is Born, A","Cukor, George","1954","USA","154"
"443","433","Winter Light","Bergman, Ingmar","1963","Sweden","80"
"444","451","French Cancan","Renoir, Jean","1955","France","102"
"445","434","Shadows of Forgotten Ancestors","Parajanov, Sergei","1965","USSR","97"
"446","487","Carrie","De Palma, Brian","1976","USA","97"
"447","521","Boogie Nights","Anderson, Paul Thomas","1997","USA","155"
"448","459","Act of Killing, The","Oppenheimer, Joshua","2012","Denmark","115"
"449","435","Shawshank Redemption, The","Darabont, Frank","1994","USA","142"
"450","465","Listen to Britain","Jennings, Humphrey & Stewart McAllister","1942","UK","20"
"451","457","Songs from the Second Floor","Andersson, Roy","2000","Sweden","98"
"452","454","Ivan's Childhood","Tarkovsky, Andrei","1962","USSR","94"
"453","438","Accattone","Pasolini, Pier Paolo","1961","Italy","120"
"454","446","Limelight","Chaplin, Charles","1952","USA","145"
"455","441","Cameraman, The","Keaton, Buster & Edward Sedgwick","1928","USA","69"
"456","440","Scarlet Empress, The","von Sternberg, Josef","1934","USA","110"
"457","444","Terra trema, La","Visconti, Luchino","1948","Italy","160"
"458","448","Wind, The","Sjöström, Victor","1928","USA","88"
"459","474","Syndromes and a Century","Weerasethakul, Apichatpong","2006","Thailand","105"
"460","449","Crime of Monsieur Lange, The","Renoir, Jean","1936","France","90"
"461","456","Festen","Vinterberg, Thomas","1998","Denmark","105"
"462","463","October","Eisenstein, Sergei & Grigori Aleksandrov","1928","USSR","103"
"463","443","Flowers of Shanghai","Hou Hsiao-hsien","1998","Taiwan","130"
"464","458","Trip to the Moon, A","Méliès, Georges","1902","France","14"
"465","471","In Vanda's Room","Costa, Pedro","2000","Portugal","170"
"466","467","Pan's Labyrinth","del Toro, Guillermo","2006","Spain","120"
"467","452","À nos amours","Pialat, Maurice","1983","France","102"
"468","453","Koyaanisqatsi","Reggio, Godfrey","1982","USA","87"
"469","461","Dersu Uzala","Kurosawa, Akira","1975","USSR","144"
"470","469","Pinocchio","Sharpsteen, Ben & Hamilton Luske","1940","USA","88"
"471","484","Lola","Demy, Jacques","1961","France","90"
"472","462","Grave of the Fireflies","Takahata, Isao","1988","Japan","89"
"473","488","Barren Lives","Pereira dos Santos, Nelson","1963","Brazil","103"
"474","479","Dead, The","Huston, John","1987","USA","83"
"475","460","Shoot the Piano Player","Truffaut, François","1960","France","81"
"476","485","Platform","Jia Zhangke","2000","China","154"
"477","492","Once Upon a Time in Anatolia","Ceylan, Nuri Bilge","2011","Turkey","157"
"478","477","Elephant","Van Sant, Gus","2003","USA","81"
"479","481","Wagon Master","Ford, John","1950","USA","86"
"480","516","Oldboy","Park Chan-wook","2003","South Korea","120"
"481","464","Paris is Burning","Livingston, Jennie","1990","USA","78"
"482","478","High Noon","Zinnemann, Fred","1952","USA","84"
"483","504","To Kill a Mockingbird","Mulligan, Robert","1962","USA","129"
"484","472","Talk to Her","Almodóvar, Pedro","2002","Spain","112"
"485","490","Withnail & I","Robinson, Bruce","1987","UK","107"
"486","468","Harlan County, U.S.A.","Kopple, Barbara","1976","USA","103"
"487","473","Steamboat Bill, Jr.","Keaton, Buster & Charles Reisner","1928","USA","71"
"488","455","Région centrale, La","Snow, Michael","1971","Canada","180"
"489","500","Five Easy Pieces","Rafelson, Bob","1970","USA","98"
"490","470","Palm Beach Story, The","Sturges, Preston","1942","USA","88"
"491","489","Senso","Visconti, Luchino","1954","Italy","123"
"492","495","Fight Club","Fincher, David","1999","USA","139"
"493","483","Death of Mr. Lazarescu, The","Puiu, Cristi","2005","Romania","153"
"494","480","Landscape in the Mist","Angelopoulos, Theo","1988","Greece","127"
"495","475","By the Bluest of Seas","Barnet, Boris","1936","USSR","71"
"496","493","Zama","Martel, Lucrecia","2017","Argentina","115"
"497","486","Secrets & Lies","Leigh, Mike","1996","UK","142"
"498","547","Children of Men","Cuarón, Alfonso","2006","USA","109"
"499","482","Reservoir Dogs","Tarantino, Quentin","1992","USA","99"
"500","491","Raise the Red Lantern","Zhang Yimou","1991","China","125"
"501","496","Hustler, The","Rossen, Robert","1961","USA","134"
"502","531","Lives of Others, The","von Donnersmarck, Florian Henckel","2006","Germany","138"
"503","555","Punch-Drunk Love","Anderson, Paul Thomas","2002","USA","95"
"504","535","Memories of Murder","Bong Joon-ho","2003","South Korea","132"
"505","497","Twin Peaks: Fire Walk with Me","Lynch, David","1992","USA","134"
"506","518","Die Hard","McTiernan, John","1988","USA","131"
"507","503","Shane","Stevens, George","1953","USA","118"
"508","508","After Life","Koreeda, Hirokazu","1998","Japan","118"
"509","514","Inland Empire","Lynch, David","2006","USA","180"
"510","501","Blow Out","De Palma, Brian","1981","USA","108"
"511","494","Bitter Tears of Petra von Kant, The","Fassbinder, Rainer Werner","1972","West Germany","124"
"512","499","Bridge on the River Kwai, The","Lean, David","1957","UK","161"
"513","515","Early Summer","Ozu, Yasujiro","1951","Japan","135"
"514","520","Twin Peaks: The Return [TV]","Lynch, David","2017","USA","1024"
"515","510","Princess Mononoke","Miyazaki, Hayao","1997","Japan","134"
"516","502","To Have and Have Not","Hawks, Howard","1944","USA","100"
"517","517","Crash","Cronenberg, David","1996","Canada","100"
"518","572","Being There","Ashby, Hal","1979","USA","130"
"519","509","Our Hospitality","Keaton, Buster & John G. Blystone","1923","USA","74"
"520","505","Monty Python's Life of Brian","Jones, Terry","1979","UK","93"
"521","506","Masculin féminin","Godard, Jean-Luc","1966","France","103"
"522","529","12 Angry Men","Lumet, Sidney","1957","USA","95"
"523","511","Closely Watched Trains","Menzel, Jirí","1966","Czechoslovakia","89"
"524","597","Jurassic Park","Spielberg, Steven","1993","USA","127"
"525","507","Marketa Lazarová","Vlácil, Frantisek","1967","Czechoslovakia","162"
"526","523","Dead Ringers","Cronenberg, David","1988","Canada","115"
"527","530","Alice in the Cities","Wenders, Wim","1974","West Germany","110"
"528","525","East of Eden","Kazan, Elia","1955","USA","115"
"529","573","Mad Max 2","Miller, George","1981","Australia","96"
"530","526","French Connection, The","Friedkin, William","1971","USA","104"
"531","513","Short Cuts","Altman, Robert","1993","USA","188"
"532","558","Sound of Music, The","Wise, Robert","1965","USA","174"
"533","545","Doctor Zhivago","Lean, David","1965","USA","197"
"534","560","Butch Cassidy and the Sundance Kid","Hill, George Roy","1969","USA","110"
"535","512","Moment of Innocence, A","Makhmalbaf, Mohsen","1996","Iran","78"
"536","554","Se7en","Fincher, David","1995","USA","127"
"537","522","Age of Innocence, The","Scorsese, Martin","1993","USA","133"
"538","549","Hannah and Her Sisters","Allen, Woody","1986","USA","107"
"539","533","Boyhood","Linklater, Richard","2014","USA","165"
"540","543","Night at the Opera, A","Wood, Sam","1935","USA","96"
"541","519","And Life Goes On...","Kiarostami, Abbas","1992","Iran","108"
"542","532","Faust","Murnau, F.W.","1926","Germany","116"
"543","566","Morvern Callar","Ramsay, Lynne","2002","UK","97"
"544","561","Devil, Probably, The","Bresson, Robert","1977","France","95"
"545","527","Vampires, Les","Feuillade, Louis","1915","France","421"
"546","524","Enigma of Kaspar Hauser, The","Herzog, Werner","1974","West Germany","110"
"547","528","Damned, The","Visconti, Luchino","1969","Italy","155"
"548","536","Alexander Nevsky","Eisenstein, Sergei","1938","USSR","107"
"549","538","Wind Will Carry Us, The","Kiarostami, Abbas","1999","France","118"
"550","556","Strangers on a Train","Hitchcock, Alfred","1951","USA","101"
"551","550","Haine, La","Kassovitz, Mathieu","1995","France","98"
"552","546","Nostalgia for the Light","Guzmán, Patricio","2010","France","90"
"553","537","Yeelen","Cissé, Souleymane","1987","Mali","105"
"554","539","Blue","Jarman, Derek","1993","UK","79"
"555","601","Tootsie","Pollack, Sydney","1982","USA","116"
"556","578","Master, The","Anderson, Paul Thomas","2012","USA","138"
"557","534","Aparajito","Ray, Satyajit","1956","India","108"
"558","551","Lady from Shanghai, The","Welles, Orson","1948","USA","87"
"559","552","Picnic at Hanging Rock","Weir, Peter","1975","Australia","110"
"560","542","Rosetta","Dardenne, Jean-Pierre & Luc Dardenne","1999","Belgium","94"
"561","603","Terminator 2: Judgment Day","Cameron, James","1991","USA","136"
"562","544","Terminator, The","Cameron, James","1984","USA","107"
"563","559","Russian Ark","Sokurov, Aleksandr","2002","Russia","99"
"564","541","Ninotchka","Lubitsch, Ernst","1939","USA","110"
"565","557","Young Mr. Lincoln","Ford, John","1939","USA","100"
"566","567","As I Was Moving Ahead Occasionally I Saw Brief Glimpses of Beauty","Mekas, Jonas","2000","USA","288"
"567","540","Point Blank","Boorman, John","1967","USA","92"
"568","586","Forrest Gump","Zemeckis, Robert","1994","USA","142"
"569","594","Amélie","Jeunet, Jean-Pierre","2001","France","122"
"570","591","Bigger Than Life","Ray, Nicholas","1956","USA","95"
"571","548","Man of Aran","Flaherty, Robert J.","1934","UK","77"
"572","563","I Walked with a Zombie","Tourneur, Jacques","1943","USA","69"
"573","600","Crouching Tiger, Hidden Dragon","Lee, Ang","2000","Taiwan","120"
"574","568","Land Without Bread","Buñuel, Luis","1933","Spain","28"
"575","553","Je, tu, il, elle","Akerman, Chantal","1974","Belgium","86"
"576","562","WALL-E","Stanton, Andrew","2008","USA","98"
"577","576","Blue Angel, The","von Sternberg, Josef","1930","Germany","103"
"578","569","Brokeback Mountain","Lee, Ang","2005","USA","134"
"579","581","Laura","Preminger, Otto","1944","USA","85"
"580","582","Cat People","Tourneur, Jacques","1942","USA","73"
"581","593","Halloween","Carpenter, John","1978","USA","93"
"582","564","Dead Man","Jarmusch, Jim","1995","USA","121"
"583","565","Kagemusha","Kurosawa, Akira","1980","Japan","159"
"584","570","Fellini Satyricon","Fellini, Federico","1969","Italy","129"
"585","577","Testament of Dr. Mabuse, The","Lang, Fritz","1933","Germany","120"
"586","583","Shadow of a Doubt","Hitchcock, Alfred","1943","USA","108"
"587","615","Deliverance","Boorman, John","1972","USA","109"
"588","585","That Obscure Object of Desire","Buñuel, Luis","1977","France","103"
"589","606","Zodiac","Fincher, David","2007","USA","158"
"590","648","Rocky","Avildsen, John G.","1976","USA","119"
"591","596","Lord of the Rings: The Fellowship of the Ring, The","Jackson, Peter","2001","New Zealand","178"
"592","571","Wedding March, The","von Stroheim, Erich","1928","USA","113"
"593","687","When Harry Met Sally...","Reiner, Rob","1989","USA","95"
"594","574","Yellow Earth","Chen Kaige","1984","China","89"
"595","575","Sambizanga","Maldoror, Sarah","1972","Angola","97"
"596","612","Full Metal Jacket","Kubrick, Stanley","1987","USA","116"
"597","579","Loves of a Blonde","Forman, Milos","1965","Czechoslovakia","88"
"598","598","Repulsion","Polanski, Roman","1965","UK","105"
"599","580","Easy Rider","Hopper, Dennis","1969","USA","95"
"600","609","Hatari!","Hawks, Howard","1962","USA","157"
"601","592","Servant, The","Losey, Joseph","1963","UK","115"
"602","670","Amour","Haneke, Michael","2012","Austria","127"
"603","584","Silence, The","Bergman, Ingmar","1963","Sweden","96"
"604","589","Plácido","García Berlanga, Luis","1961","Spain","85"
"605","625","Asphalt Jungle, The","Huston, John","1950","USA","112"
"606","636","Rebecca","Hitchcock, Alfred","1940","USA","130"
"607","587","Barton Fink","Coen, Joel & Ethan Coen","1991","USA","117"
"608","588","D'Est","Akerman, Chantal","1993","Belgium","107"
"609","613","Fellini's Roma","Fellini, Federico","1972","Italy","128"
"610","605","Grey Gardens","Maysles, David/Albert Maysles/Ellen Hovde/Muffie Meyer","1975","USA","95"
"611","611","Seven Chances","Keaton, Buster","1925","USA","56"
"612","590","Bande à part","Godard, Jean-Luc","1964","France","95"
"613","622","Shadows","Cassavetes, John","1959","USA","87"
"614","624","Edvard Munch [TV]","Watkins, Peter","1974","Sweden","210"
"615","607","Colossal Youth","Costa, Pedro","2006","France","155"
"616","595","Taking of Power by Louis XIV, The","Rossellini, Roberto","1966","France","100"
"617","602","Symbiopsychotaxiplasm: Take One","Greaves, William","1968","USA","75"
"618","671","Piano Teacher, The","Haneke, Michael","2001","Austria","130"
"619","647","Frankenstein","Whale, James","1931","USA","70"
"620","610","West Indies: The Fugitive Slaves of Liberty","Hondo, Med","1979","France","110"
"621","599","Tale of Tales","Norshteyn, Yuriy","1979","USSR","29"
"622","620","Providence","Resnais, Alain","1977","France","110"
"623","604","Gentlemen Prefer Blondes","Hawks, Howard","1953","USA","91"
"624","617","Devils, The","Russell, Ken","1971","UK","109"
"625","614","Synecdoche, New York","Kaufman, Charlie","2008","USA","124"
"626","623","Wicker Man, The","Hardy, Robin","1973","UK","103"
"627","626","3 Women","Altman, Robert","1977","USA","124"
"628","608","Long Day Closes, The","Davies, Terence","1992","UK","83"
"629","759","Raising Arizona","Coen, Joel & Ethan Coen","1987","USA","94"
"630","616","Down by Law","Jarmusch, Jim","1986","USA","107"
"631","634","Don't Look Back","Pennebaker, D.A.","1967","USA","96"
"632","630","Ladies Man, The","Lewis, Jerry","1961","USA","95"
"633","641","Royal Tenenbaums, The","Anderson, Wes","2001","USA","109"
"634","619","Round-Up, The","Jancsó, Miklós","1966","Hungary","90"
"635","618","My Friend Ivan Lapshin","German, Aleksei","1985","USSR","100"
"636","659","Vitelloni, I","Fellini, Federico","1953","Italy","104"
"637","629","Red Circle, The","Melville, Jean-Pierre","1970","France","150"
"638","621","Amants du Pont-Neuf, Les","Carax, Leos","1991","France","126"
"639","692","Mr. Smith Goes to Washington","Capra, Frank","1939","USA","129"
"640","676","Fat City","Huston, John","1972","USA","96"
"641","642","Titanic","Cameron, James","1997","USA","194"
"642","627","Boudu Saved from Drowning","Renoir, Jean","1932","France","87"
"643","657","Walkabout","Roeg, Nicolas","1971","UK","100"
"644","639","Harakiri","Kobayashi, Masaki","1962","Japan","133"
"645","628","Scorpio Rising","Anger, Kenneth","1963","USA","28"
"646","631","Pink Flamingos","Waters, John","1972","USA","92"
"647","637","Hour of the Wolf","Bergman, Ingmar","1968","Sweden","88"
"648","643","Dark Knight, The","Nolan, Christopher","2008","USA","152"
"649","677","Ace in the Hole","Wilder, Billy","1951","USA","112"
"650","645","Hana-bi","Kitano, Takeshi","1997","Japan","103"
"651","668","Prophet, A","Audiard, Jacques","2009","France","155"
"652","655","Nazarín","Buñuel, Luis","1958","Mexico","94"
"653","633","Alphaville","Godard, Jean-Luc","1965","France","95"
"654","632","Portrait of Jason","Clarke, Shirley","1967","USA","105"
"655","640","Casque d'or","Becker, Jacques","1952","France","96"
"656","743","Y tu mamá también","Cuarón, Alfonso","2001","Mexico","105"
"657","667","Millennium Mambo","Hou Hsiao-hsien","2001","Taiwan","119"
"658","638","Pat Garrett and Billy the Kid","Peckinpah, Sam","1973","USA","122"
"659","724","Malcolm X","Lee, Spike","1992","USA","201"
"660","635","Golden Coach, The","Renoir, Jean","1952","Italy","100"
"661","686","Robocop","Verhoeven, Paul","1987","USA","102"
"662","793","Ferris Bueller's Day Off","Hughes, John","1986","USA","103"
"663","675","Silent Light","Reygadas, Carlos","2007","Mexico","136"
"664","656","Ratcatcher","Ramsay, Lynne","1999","UK","94"
"665","651","Scarface","Hawks, Howard","1932","USA","93"
"666","654","Hoop Dreams","James, Steve","1994","USA","170"
"667","644","Watermelon Woman, The","Dunye, Cheryl","1996","USA","84"
"668","669","Virgin Spring, The","Bergman, Ingmar","1960","Sweden","88"
"669","653","Strike","Eisenstein, Sergei","1925","USSR","82"
"670","661","Top Hat","Sandrich, Mark","1935","USA","99"
"671","673","Young Frankenstein","Brooks, Mel","1974","USA","105"
"672","666","Arrebato","Zulueta, Iván","1979","Spain","105"
"673","650","My Own Private Idaho","Van Sant, Gus","1991","USA","102"
"674","646","They Live by Night","Ray, Nicholas","1948","USA","95"
"675","652","Bring Me the Head of Alfredo Garcia","Peckinpah, Sam","1974","USA","112"
"676","649","Dr. Mabuse, the Gambler","Lang, Fritz","1922","Germany","270"
"677","665","Lady Vanishes, The","Hitchcock, Alfred","1938","UK","97"
"678","660","Marriage of Maria Braun, The","Fassbinder, Rainer Werner","1979","West Germany","120"
"679","664","Akira","Otomo, Katsuhiro","1988","Japan","124"
"680","658","Manchurian Candidate, The","Frankenheimer, John","1962","USA","126"
"681","663","Navigator, The","Keaton, Buster & Donald Crisp","1924","USA","59"
"682","697","Wake in Fright","Kotcheff, Ted","1971","Australia","109"
"683","683","Rushmore","Anderson, Wes","1998","USA","93"
"684","662","Xala","Sembene, Ousmane","1975","Senegal","123"
"685","786","American Werewolf in London, An","Landis, John","1981","UK","97"
"686","678","Posto, Il","Olmi, Ermanno","1961","Italy","93"
"687","717","Place in the Sun, A","Stevens, George","1951","USA","122"
"688","702","Dancer in the Dark","von Trier, Lars","2000","Denmark","140"
"689","691","Hyènes","Diop Mambéty, Djibril","1992","Senegal","110"
"690","672","Purple Rose of Cairo, The","Allen, Woody","1985","USA","82"
"691","684","Chronicle of a Summer","Rouch, Jean & Edgar Morin","1961","France","85"
"692","690","Trainspotting","Boyle, Danny","1996","UK","95"
"693","674","Bambi","Hand, David","1942","USA","69"
"694","689","Killing, The","Kubrick, Stanley","1956","USA","85"
"695","681","Ghost and Mrs. Muir, The","Mankiewicz, Joseph L.","1947","USA","104"
"696","694","Great Beauty, The","Sorrentino, Paolo","2013","Italy","141"
"697","680","Farewell, My Concubine","Chen Kaige","1993","China","155"
"698","685","Intruder, The","Denis, Claire","2004","France","130"
"699","720","Hard Day's Night, A","Lester, Richard","1964","UK","87"
"700","679","Toy Story","Lasseter, John","1995","USA","81"
"701","682","Wild at Heart","Lynch, David","1990","USA","127"
"702","716","Carol","Haynes, Todd","2015","UK","118"
"703","688","Sorrow and the Pity, The","Ophüls, Marcel","1969","Switzerland","261"
"704","703","Thelma & Louise","Scott, Ridley","1991","USA","128"
"705","696","Gimme Shelter","Maysles, Albert/David Maysles/Charlotte Zwerin","1970","USA","91"
"706","699","Chronicle of Anna Magdalena Bach","Straub, Jean-Marie","1968","West Germany","94"
"707","707","Roma","Cuarón, Alfonso","2018","Mexico","135"
"708","705","Cure","Kurosawa, Kiyoshi","1997","Japan","111"
"709","713","Salesman","Maysles, Albert/David Maysles/Charlotte Zwerin","1969","USA","91"
"710","698","WR: Mysteries of the Organism","Makavejev, Dušan","1971","Yugoslavia","84"
"711","708","4 Months, 3 Weeks and 2 Days","Mungiu, Cristian","2007","Romania","113"
"712","711","Before Sunset","Linklater, Richard","2004","USA","80"
"713","693","Distant","Ceylan, Nuri Bilge","2002","Turkey","110"
"714","695","Local Hero","Forsyth, Bill","1983","UK","111"
"715","715","Holy Mountain, The","Jodorowsky, Alejandro","1973","Mexico","114"
"716","752","Social Network, The","Fincher, David","2010","USA","120"
"717","725","Ben-Hur","Wyler, William","1959","USA","212"
"718","709","Lancelot du Lac","Bresson, Robert","1974","France","85"
"719","763","Memento","Nolan, Christopher","2000","USA","113"
"720","700","7 Women","Ford, John","1965","USA","87"
"721","852","Once Upon a Time... in Hollywood","Tarantino, Quentin","2019","USA","161"
"722","706","Party, The","Edwards, Blake","1968","USA","99"
"723","740","Grido, Il","Antonioni, Michelangelo","1957","Italy","117"
"724","701","Phantom of Liberty, The","Buñuel, Luis","1974","France","104"
"725","756","Firemen's Ball, The","Forman, Milos","1967","Czechoslovakia","73"
"726","704","Fish Tank","Arnold, Andrea","2009","UK","123"
"727","751","Paper Moon","Bogdanovich, Peter","1973","USA","102"
"728","714","Sauve qui peut (la vie)","Godard, Jean-Luc","1980","France","87"
"729","722","Kaagaz Ke Phool","Dutt, Guru","1959","India","148"
"730","719","Sun Shines Bright, The","Ford, John","1953","USA","101"
"731","710","Adventures of Prince Achmed, The","Reiniger, Lotte","1926","Germany","65"
"732","757","Big Deal on Madonna Street","Monicelli, Mario","1958","Italy","91"
"733","777","Good Morning","Ozu, Yasujiro","1959","Japan","94"
"734","734","Dazed and Confused","Linklater, Richard","1993","USA","103"
"735","712","Nouvelle vague","Godard, Jean-Luc","1990","France","90"
"736","739","Red Beard","Kurosawa, Akira","1965","Japan","185"
"737","741","Love Me Tonight","Mamoulian, Rouben","1932","USA","96"
"738","718","Hunger","McQueen, Steve","2008","UK","96"
"739","750","Idiots, The","von Trier, Lars","1998","Denmark","117"
"740","735","Moonfleet","Lang, Fritz","1955","USA","89"
"741","729","New Leaf, A","May, Elaine","1971","USA","102"
"742","723","Hawks and the Sparrows, The","Pasolini, Pier Paolo","1966","Italy","91"
"743","748","Emperor's Naked Army Marches On, The","Hara, Kazuo","1987","Japan","122"
"744","728","Big Heat, The","Lang, Fritz","1953","USA","90"
"745","721","Moulin Rouge!","Luhrmann, Baz","2001","Australia","127"
"746","732","Stand by Me","Reiner, Rob","1986","USA","89"
"747","726","Antonio das Mortes","Rocha, Glauber","1969","Brazil","95"
"748","754","Streetcar Named Desire, A","Kazan, Elia","1951","USA","122"
"749","733","Dames du Bois de Boulogne, Les","Bresson, Robert","1945","France","85"
"750","742","Fly, The","Cronenberg, David","1986","USA","96"
"751","792","Miller's Crossing","Coen, Joel & Ethan Coen","1990","USA","115"
"752","736","Titicut Follies","Wiseman, Frederick","1967","USA","84"
"753","727","Short Film About Killing, A","Kieslowski, Krzysztof","1987","Poland","85"
"754","776","Rebel Without a Cause","Ray, Nicholas","1955","USA","111"
"755","747","Oh, Sun","Hondo, Med","1970","France","98"
"756","738","Bad and the Beautiful, The","Minnelli, Vincente","1952","USA","118"
"757","744","Tiger of Eschnapur, The","Lang, Fritz","1958","West Germany","101"
"758","799","35 Shots of Rum","Denis, Claire","2008","France","101"
"759","730","Circus, The","Chaplin, Charles","1928","USA","72"
"760","731","One Way or Another","Gómez, Sara","1977","Cuba","78"
"761","737","Design for Living","Lubitsch, Ernst","1933","USA","91"
"762","765","Lolita","Kubrick, Stanley","1962","UK","152"
"763","746","Phantom of the Paradise","De Palma, Brian","1974","USA","91"
"764","753","Triumph of the Will","Riefenstahl, Leni","1935","Germany","114"
"765","782","JFK","Stone, Oliver","1991","USA","189"
"766","758","Born in Flames","Borden, Lizzie","1983","USA","79"
"767","745","New York, New York","Scorsese, Martin","1977","USA","155"
"768","760","New World, The","Malick, Terrence","2005","USA","135"
"769","755","Diaries, Notes and Sketches","Mekas, Jonas","1969","USA","177"
"770","762","Subarnarekha","Ghatak, Ritwik","1965","India","126"
"771","790","Cook, the Thief, His Wife & Her Lover, The","Greenaway, Peter","1989","UK","124"
"772","749","Wild Child, The","Truffaut, François","1970","France","85"
"773","865","Clueless","Heckerling, Amy","1995","USA","97"
"774","761","Fort Apache","Ford, John","1948","USA","127"
"775","798","Diabolique","Clouzot, Henri-Georges","1955","France","117"
"776","774","Ossessione","Visconti, Luchino","1943","Italy","140"
"777","768","Mädchen in Uniform","Sagan, Leontine","1931","Germany","87"
"778","764","Detour","Ulmer, Edgar G.","1945","USA","69"
"779","766","Belle Noiseuse, La","Rivette, Jacques","1991","France","240"
"780","772","Two English Girls","Truffaut, François","1971","France","108"
"781","767","Flaming Creatures","Smith, Jack","1963","USA","45"
"782","769","Man Who Would Be King, The","Huston, John","1975","UK","129"
"783","773","Vive L'Amour","Tsai Ming-liang","1994","Taiwan","118"
"784","775","Hellzapoppin'","Potter, H.C.","1941","USA","84"
"785","770","Age of the Earth, The","Rocha, Glauber","1980","Brazil","158"
"786","831","Edward Scissorhands","Burton, Tim","1990","USA","105"
"787","778","Great Expectations","Lean, David","1946","UK","118"
"788","797","Blissfully Yours","Weerasethakul, Apichatpong","2002","Thailand","125"
"789","771","Veronika Voss","Fassbinder, Rainer Werner","1982","West Germany","105"
"790","783","Mother and Son","Sokurov, Aleksandr","1997","Russia","73"
"791","802","Code Unknown","Haneke, Michael","2000","France","118"
"792","820","My Life as a Dog","Hallström, Lasse","1985","Sweden","101"
"793","779","Trial, The","Welles, Orson","1962","France","119"
"794","895","Airplane!","Abrahams, Jim/David Zucker/Jerry Zucker","1980","USA","86"
"795","781","Foolish Wives","von Stroheim, Erich","1922","USA","117"
"796","816","Sur, El","Erice, Víctor","1983","Spain","95"
"797","780","Mamma Roma","Pasolini, Pier Paolo","1962","Italy","110"
"798","784","Morocco","von Sternberg, Josef","1930","USA","92"
"799","791","39 Steps, The","Hitchcock, Alfred","1935","UK","87"
"800","858","Mikey and Nicky","May, Elaine","1976","USA","106"
"801","805","Scarface","De Palma, Brian","1983","USA","170"
"802","785","Chikamatsu monogatari","Mizoguchi, Kenji","1954","Japan","100"
"803","787","Wings","Shepitko, Larisa","1966","USSR","85"
"804","800","Trouble Every Day","Denis, Claire","2001","France","101"
"805","794","Requiem for a Dream","Aronofsky, Darren","2000","USA","100"
"806","814","Dog Star Man","Brakhage, Stan","1964","USA","75"
"807","789","Chant d'amour, Un","Genet, Jean","1950","France","26"
"808","796","Evil Dead II","Raimi, Sam","1987","USA","84"
"809","822","Thief of Bagdad, The","Powell, Michael/Ludwig Berger/Tim Whelan","1940","UK","106"
"810","788","Cairo Station","Chahine, Youssef","1958","Egypt","77"
"811","833","Let the Right One In","Alfredson, Tomas","2008","Sweden","114"
"812","795","Zelig","Allen, Woody","1983","USA","79"
"813","815","Broadcast News","Brooks, James L.","1987","USA","133"
"814","807","Margaret","Lonergan, Kenneth","2011","USA","150"
"815","804","All Quiet on the Western Front","Milestone, Lewis","1930","USA","133"
"816","801","Faster, Pussycat! Kill! Kill!","Meyer, Russ","1965","USA","83"
"817","841","Great Escape, The","Sturges, John","1963","USA","172"
"818","868","Saving Private Ryan","Spielberg, Steven","1998","USA","169"
"819","806","Funny Games","Haneke, Michael","1997","Austria","108"
"820","803","Taipei Story","Yang, Edward","1985","Taiwan","119"
"821","818","Woman of Paris, A","Chaplin, Charles","1923","USA","78"
"822","836","Dumbo","Sharpsteen, Ben","1941","USA","64"
"823","845","Inglourious Basterds","Tarantino, Quentin","2009","USA","153"
"824","808","Producers, The","Brooks, Mel","1968","USA","88"
"825","832","She Wore a Yellow Ribbon","Ford, John","1949","USA","103"
"826","823","Smiles of a Summer Night","Bergman, Ingmar","1955","Sweden","108"
"827","812","Forbidden Games","Clément, René","1952","France","87"
"828","819","Still Life","Jia Zhangke","2006","China","113"
"829","810","Van Gogh","Pialat, Maurice","1991","France","158"
"830","809","Shock Corridor","Fuller, Samuel","1963","USA","101"
"831","826","Grizzly Man","Herzog, Werner","2005","USA","103"
"832","811","Women on the Verge of a Nervous Breakdown","Almodóvar, Pedro","1988","Spain","88"
"833","1004","After Hours","Scorsese, Martin","1985","USA","97"
"834","813","Abraham's Valley","Oliveira, Manoel de","1993","Portugal","187"
"835","821","Passion","Godard, Jean-Luc","1982","France","87"
"836","866","My Little Loves","Eustache, Jean","1974","France","123"
"837","843","Gummo","Korine, Harmony","1997","USA","88"
"838","870","Shanghai Express","von Sternberg, Josef","1932","USA","82"
"839","842","Invasion of the Body Snatchers","Siegel, Don","1956","USA","80"
"840","817","Rose Hobart","Cornell, Joseph","1936","USA","20"
"841","857","Blue is the Warmest Colour","Kechiche, Abdellatif","2013","France","179"
"842","839","Funeral Parade of Roses","Matsumoto, Toshio","1969","Japan","105"
"843","824","Petite Maman","Sciamma, Céline","2021","France","73"
"844","830","Amores perros","González Iñárritu, Alejandro","2000","Mexico","153"
"845","849","Point Break","Bigelow, Kathryn","1991","USA","122"
"846","838","Son, The","Dardenne, Jean-Pierre & Luc Dardenne","2002","Belgium","103"
"847","825","O Lucky Man!","Anderson, Lindsay","1973","UK","178"
"848","827","Deep End","Skolimowski, Jerzy","1970","UK","88"
"849","837","Street of Shame","Mizoguchi, Kenji","1956","Japan","87"
"850","847","White Heat","Walsh, Raoul","1949","USA","114"
"851","840","Commune (Paris, 1871), La","Watkins, Peter","2000","France","345"
"852","860","Toute une nuit","Akerman, Chantal","1982","Belgium","90"
"853","829","Losing Ground","Collins, Kathleen","1982","USA","86"
"854","835","Irréversible","Noé, Gaspar","2002","France","97"
"855","879","Red and the White, The","Jancsó, Miklós","1967","Hungary","90"
"856","828","Naked Island, The","Shindo, Kaneto","1960","Japan","96"
"857","888","Who's Afraid of Virginia Woolf?","Nichols, Mike","1966","USA","129"
"858","869","Spione","Lang, Fritz","1928","Germany","90"
"859","834","Dodes'ka-den","Kurosawa, Akira","1970","Japan","140"
"860","851","Asthenic Syndrome, The","Muratova, Kira","1989","USSR","153"
"861","856","Starship Troopers","Verhoeven, Paul","1997","USA","129"
"862","844","Persepolis","Paronnaud, Vincent & Marjane Satrapi","2007","France","96"
"863","883","Amour fou, L'","Rivette, Jacques","1969","France","252"
"864","848","Angel","Lubitsch, Ernst","1937","USA","91"
"865","878","Adventures of Robin Hood, The","Curtiz, Michael & William Keighley","1938","USA","102"
"866","854","Mon oncle d'Amérique","Resnais, Alain","1980","France","123"
"867","855","Right Stuff, The","Kaufman, Philip","1983","USA","193"
"868","862","They Were Expendable","Ford, John","1945","USA","135"
"869","846","Female Trouble","Waters, John","1974","USA","98"
"870","863","Claire's Knee","Rohmer, Eric","1970","France","105"
"871","853","Time of the Gypsies","Kusturica, Emir","1988","Yugoslavia","142"
"872","850","Hitler: A Film from Germany","Syberberg, Hans-Jürgen","1977","West Germany","442"
"873","874","Unknown, The","Browning, Tod","1927","USA","63"
"874","867","Tin Drum, The","Schlöndorff, Volker","1979","West Germany","142"
"875","859","Too Early, Too Late","Straub, Jean-Marie & Danièle Huillet","1981","France","100"
"876","915","Welfare","Wiseman, Frederick","1975","USA","167"
"877","872","Breakfast at Tiffany's","Edwards, Blake","1961","USA","115"
"878","983","Last Detail, The","Ashby, Hal","1973","USA","105"
"879","897","Showgirls","Verhoeven, Paul","1995","USA","128"
"880","861","Shame","Bergman, Ingmar","1968","Sweden","103"
"881","885","Mysteries of Lisbon","Ruiz, Raúl","2010","Portugal","272"
"882","1044","Princess Bride, The","Reiner, Rob","1987","USA","98"
"883","864","Sicilia!","Straub, Jean-Marie & Danièle Huillet","1999","Italy","66"
"884","880","Atlantics","Diop, Mati","2019","France","106"
"885","871","We All Loved Each Other So Much","Scola, Ettore","1974","Italy","124"
"886","873","Gloria","Cassavetes, John","1980","USA","121"
"887","875","Cría cuervos","Saura, Carlos","1976","Spain","110"
"888","898","Juliet of the Spirits","Fellini, Federico","1965","Italy","148"
"889","957","Excalibur","Boorman, John","1981","UK","140"
"890","944","Elephant [TV]","Clarke, Alan","1989","UK","39"
"891","877","Monty Python and the Holy Grail","Gilliam, Terry & Terry Jones","1975","UK","90"
"892","884","Misfits, The","Huston, John","1961","USA","125"
"893","876","Outskirts","Barnet, Boris","1933","USSR","98"
"894","909","Wendy and Lucy","Reichardt, Kelly","2008","USA","80"
"895","962","Avatar","Cameron, James","2009","USA","161"
"896","911","Port of Shadows","Carné, Marcel","1938","France","91"
"897","881","Red Sorghum","Zhang Yimou","1987","China","91"
"898","889","Miracle of Morgan's Creek, The","Sturges, Preston","1944","USA","99"
"899","887","African Queen, The","Huston, John","1951","UK","105"
"900","891","Spring, Summer, Autumn, Winter… and Spring","Kim Ki-duk","2003","South Korea","103"
"901","894","Woman Next Door, The","Truffaut, François","1981","France","106"
"902","882","Bridges of Madison County, The","Eastwood, Clint","1995","USA","135"
"903","899","They Live","Carpenter, John","1988","USA","93"
"904","886","Night of Counting the Years, The","Salam, Shadi Abdel","1969","Egypt","102"
"905","946","Enfance nue, L'","Pialat, Maurice","1968","France","80"
"906","967","Tarnished Angels, The","Sirk, Douglas","1957","USA","91"
"907","930","Shaun of the Dead","Wright, Edgar","2004","UK","99"
"908","902","Exotica","Egoyan, Atom","1994","Canada","104"
"909","896","Caro diario","Moretti, Nanni","1993","Italy","100"
"910","890","Akira Kurosawa's Dreams","Kurosawa, Akira","1990","Japan","119"
"911","892","Stroszek","Herzog, Werner","1977","West Germany","115"
"912","893","Seasons, The","Peleshian, Artavazd","1975","USSR","29"
"913","914","Meek's Cutoff","Reichardt, Kelly","2010","USA","104"
"914","925","Fountainhead, The","Vidor, King","1949","USA","114"
"915","1008","Sideways","Payne, Alexander","2004","USA","123"
"916","917","Tabu","Gomes, Miguel","2012","Portugal","118"
"917","904","Deep Red","Argento, Dario","1975","Italy","98"
"918","901","Tongues Untied","Riggs, Marlon","1989","USA","55"
"919","903","Assault on Precinct 13","Carpenter, John","1976","USA","90"
"920","908","Phantom Carriage, The","Sjöström, Victor","1921","Sweden","107"
"921","927","People on Sunday","Siodmak, Robert & Edgar G. Ulmer","1930","Germany","74"
"922","900","Zabriskie Point","Antonioni, Michelangelo","1970","USA","111"
"923","1036","Blues Brothers, The","Landis, John","1980","USA","130"
"924","905","It's a Gift","McLeod, Norman Z.","1934","USA","73"
"925","907","Heimat [TV]","Reitz, Edgar","1984","West Germany","924"
"926","937","Seven Beauties","Wertmüller, Lina","1975","Italy","116"
"927","931","Reds","Beatty, Warren","1981","USA","200"
"928","910","River, The","Tsai Ming-liang","1997","Taiwan","115"
"929","996","Sholay","Sippy, Ramesh","1975","India","162"
"930","921","Night of the Demon","Tourneur, Jacques","1957","UK","95"
"931","913","End of Summer, The","Ozu, Yasujiro","1961","Japan","103"
"932","912","Criminal Life of Archibaldo de la Cruz, The","Buñuel, Luis","1955","Mexico","91"
"933","918","Ceddo","Sembene, Ousmane","1977","Senegal","120"
"934","936","History of Violence, A","Cronenberg, David","2005","USA","96"
"935","939","Trou, Le","Becker, Jacques","1960","France","131"
"936","964","Duel","Spielberg, Steven","1971","USA","90"
"937","1027","Flor, La","Llinás, Mariano","2018","Argentina","808"
"938","916","Simon of the Desert","Buñuel, Luis","1965","Mexico","43"
"939","919","Anatomy of a Murder","Preminger, Otto","1959","USA","160"
"940","920","American in Paris, An","Minnelli, Vincente","1951","USA","115"
"941","992","Kwaidan","Kobayashi, Masaki","1964","Japan","183"
"942","933","Boucher, Le","Chabrol, Claude","1970","France","94"
"943","1031","Straight Story, The","Lynch, David","1999","USA","111"
"944","922","Last Temptation of Christ, The","Scorsese, Martin","1988","USA","164"
"945","975","Carlito's Way","De Palma, Brian","1993","USA","144"
"946","926","Roman Holiday","Wyler, William","1953","USA","118"
"947","923","Zorns Lemma","Frampton, Hollis","1970","USA","60"
"948","960","Hurt Locker, The","Bigelow, Kathryn","2008","USA","130"
"949","961","Cool Hand Luke","Rosenberg, Stuart","1967","USA","126"
"950","938","Portrait of Jennie","Dieterle, William","1948","USA","86"
"951","1020","No Home Movie","Akerman, Chantal","2015","Belgium","115"
"952","940","Mothlight","Brakhage, Stan","1963","USA","4"
"953","928","Before Sunrise","Linklater, Richard","1995","USA","101"
"954","932","7th Heaven","Borzage, Frank","1927","USA","119"
"955","934","Near Dark","Bigelow, Kathryn","1987","USA","95"
"956","929","Killer, The","Woo, John","1989","Hong Kong","110"
"957","999","Godfather Part III, The","Coppola, Francis Ford","1990","USA","161"
"958","966","Z","Costa-Gavras","1969","France","127"
"959","949","Lord of the Rings: The Return of the King, The","Jackson, Peter","2003","New Zealand","201"
"960","942","American Graffiti","Lucas, George","1973","USA","110"
"961","935","Blood Simple","Coen, Joel & Ethan Coen","1984","USA","97"
"962","943","Dirty Harry","Siegel, Don","1971","USA","102"
"963","941","Sorpasso, Il","Risi, Dino","1962","Italy","108"
"964","1229","Enter the Dragon","Clouse, Robert","1973","USA","97"
"965","948","Chienne, La","Renoir, Jean","1931","France","95"
"966","945","From the Clouds to the Resistance","Straub, Jean-Marie & Danièle Huillet","1979","Italy","104"
"967","959","Othello","Welles, Orson","1951","Italy","90"
"968","963","Doomed Love [TV]","Oliveira, Manoel de","1978","Portugal","262"
"969","953","Return, The","Zvyagintsev, Andrey","2003","Russia","110"
"970","979","Page of Madness, A","Kinugasa, Teinosuke","1926","Japan","70"
"971","973","Ghostbusters","Reitman, Ivan","1984","USA","107"
"972","956","American Beauty","Mendes, Sam","1999","USA","121"
"973","950","Khrustalyov, My Car!","German, Aleksei","1998","Russia","147"
"974","972","Duel in the Sun","Vidor, King","1946","USA","130"
"975","952","Last Emperor, The","Bertolucci, Bernardo","1987","China","163"
"976","955","Spartacus","Kubrick, Stanley","1960","USA","197"
"977","951","Diary","Perlov, David","1983","Israel","330"
"978","1030","Berlin: Symphony of a Great City","Ruttmann, Walter","1927","Germany","65"
"979","990","Elevator to the Gallows","Malle, Louis","1958","France","92"
"980","986","Host, The","Bong Joon-ho","2006","South Korea","119"
"981","985","Reckless Moment, The","Ophüls, Max","1949","USA","82"
"982","1277","Dead Poets Society","Weir, Peter","1989","USA","128"
"983","970","Gun Crazy","Lewis, Joseph H.","1950","USA","86"
"984","978","Breakfast Club, The","Hughes, John","1985","USA","97"
"985","988","Bête humaine, La","Renoir, Jean","1938","France","100"
"986","958","Perfumed Nightmare","Tahimik, Kidlat","1977","Philippines","95"
"987","980","Fox and His Friends","Fassbinder, Rainer Werner","1975","West Germany","123"
"988","968","Olympia","Riefenstahl, Leni","1938","Germany","231"
"989","954","Ice Storm, The","Lee, Ang","1997","USA","113"
"990","982","Pianist, The","Polanski, Roman","2002","France","148"
"991","965","Léon","Besson, Luc","1994","France","119"
"992","993","Saturday Night and Sunday Morning","Reisz, Karel","1960","UK","89"
"993","974","True Heart Susie","Griffith, D.W.","1919","USA","87"
"994","997","Ed Wood","Burton, Tim","1994","USA","124"
"995","971","Long Farewell, The","Muratova, Kira","1971","USSR","97"
"996","976","Rope","Hitchcock, Alfred","1948","USA","80"
"997","1039","Lady Windermere's Fan","Lubitsch, Ernst","1925","USA","120"
"998","969","Sawdust and Tinsel","Bergman, Ingmar","1953","Sweden","92"
"999","981","Ride the High Country","Peckinpah, Sam","1962","USA","94"
"1000","1048","L.A. Confidential","Hanson, Curtis","1997","USA","137"